Workbook

Sheet Energy data 1990 - 2020
A1: country | B1: Year | C1: Region | D1: CO2 emissions from fuel combustion (MtCO2) | E1: Average CO2 emission factor (tCO2/toe) | F1: CO2 intensity at constant purchasing power parities (kCO2/$15p) | G1: Total energy production (Mtoe) | H1: Total energy consumption (Mtoe) | I1: Share of renewables in electricity production (%) | J1: Share of electricity in total final energy consumption (%) | K1: Oil products domestic consumption (Mt) | L1: Refined oil products production (Mt) | M1: Natural gas production (bcm) | N1: Natural gas domestic consumption (bcm) | O1: Energy intensity of GDP at constant purchasing power parities (koe/$15p) | P1: Electricity production (TWh) | Q1: Electricity domestic consumption (TWh) | R1: Coal and lignite domestic consumption (Mt) | S1: Share of wind and solar in electricity production (%) | T1: Crude oil production (Mt) | U1: Coal and lignite production (Mt) | V1: AVERAGE(4.1) | W1: SURPLUS(4.2)
A2: Algeria | B2: 1990 | C2: Arab States | D2: 52.981921 | E2: 2.3878553 | F2: 0.22888934 | G2: 100.11275 | H2: 22.188078 | I2: 0.78297181 | J2: 8.3765921 | K2: 8.08 | L2: 25.395 | M2: 45.684035 | N2: 14.301991 | O2: 0.095855614 | P2: 17.242 | Q2: 13.693 | R2: 0.94 | S2: 0 | T2: 57.85 | U2: 0 | V2: =IF(Energy_data_1990___2020[[#This Row],[CO2 emissions from fuel combustion (MtCO2)]]>Energy_data_1990___2020[[#Totals],[CO2 emissions from fuel combustion (MtCO2)]],"Above Average","") | W2: =SUM(Energy_data_1990___2020[[#This Row],[Coal and lignite production (Mt)]]-Energy_data_1990___2020[[#This Row],[Coal and lignite domestic consumption (Mt)]]) -> -0.94
A3: Algeria | B3: 1991 | C3: Arab States | D3: 57.149971 | E3: 2.4350265 | F3: 0.24989464 | G3: 102.58617 | H3: 23.469959 | I3: 1.5807931 | J3: 7.9947484 | K3: 8.45 | L3: 25.435 | M3: 49.531989 | N3: 15.312995 | O3: 0.10262502 | P3: 18.535 | Q3: 14.058 | R3: 1.171 | S3: 0 | T3: 57.076 | U3: 0 | V3: =IF(Energy_data_1990___2020[[#This Row],[CO2 emissions from fuel combustion (MtCO2)]]>Energy_data_1990___2020[[#Totals],[CO2 emissions from fuel combustion (MtCO2)]],"Above Average","") | W3: =SUM(Energy_data_1990___2020[[#This Row],[Coal and lignite production (Mt)]]-Energy_data_1990___2020[[#This Row],[Coal and lignite domestic consumption (Mt)]]) -> -1.171
A4: Algeria | B4: 1992 | C4: Arab States | D4: 57.26243 | E4: 2.383517 | F4: 0.24595911 | G4: 104.20591 | H4: 24.024343 | I4: 1.0229259 | J4: 8.4900684 | K4: 8.349 | L4: 25.459 | M4: 51.670011 | N4: 15.72701 | O4: 0.10319167 | P4: 19.454 | Q4: 15.13 | R4: 1.056 | S4: 0 | T4: 56.904 | U4: 0 | V4: =IF(Energy_data_1990___2020[[#This Row],[CO2 emissions from fuel combustion (MtCO2)]]>Energy_data_1990___2020[[#Totals],[CO2 emissions from fuel combustion (MtCO2)]],"Above Average","") | W4: =SUM(Energy_data_1990___2020[[#This Row],[Coal and lignite production (Mt)]]-Energy_data_1990___2020[[#This Row],[Coal and lignite domestic consumption (Mt)]]) -> -1.056
A5: Algeria | B5: 1993 | C5: Arab States | D5: 59.198702 | E5: 2.4553346 | F5: 0.25973031 | G5: 104.92875 | H5: 24.110238 | I5: 1.7091948 | J5: 8.291029 | K5: 8.39 | L5: 25.463 | M5: 52.385991 | N5: 16.596984 | O5: 0.10578204 | P5: 20.653 | Q5: 15.144 | R5: 1.015 | S5: 0 | T5: 56.995 | U5: 0 | V5: =IF(Energy_data_1990___2020[[#This Row],[CO2 emissions from fuel combustion (MtCO2)]]>Energy_data_1990___2020[[#Totals],[CO2 emissions from fuel combustion (MtCO2)]],"Above Average","") | W5: =SUM(Energy_data_1990___2020[[#This Row],[Coal and lignite production (Mt)]]-Energy_data_1990___2020[[#This Row],[Coal and lignite domestic consumption (Mt)]]) -> -1.015
A6: Algeria | B6: 1994 | C6: Arab States | D6: 56.347927 | E6: 2.4246486 | F6: 0.24946793 | G6: 100.6126 | H6: 23.239627 | I6: 0.78386929 | J6: 9.1706055 | K6: 7.562 | L6: 23.971 | M6: 48.20602 | N6: 16.117004 | O6: 0.10288828 | P6: 21.177 | Q6: 15.545 | R6: 0.943 | S6: 0 | T6: 56.312 | U6: 0 | V6: =IF(Energy_data_1990___2020[[#This Row],[CO2 emissions from fuel combustion (MtCO2)]]>Energy_data_1990___2020[[#Totals],[CO2 emissions from fuel combustion (MtCO2)]],"Above Average","") | W6: =SUM(Energy_data_1990___2020[[#This Row],[Coal and lignite production (Mt)]]-Energy_data_1990___2020[[#This Row],[Coal and lignite domestic consumption (Mt)]]) -> -0.943
A7: Algeria | B7: 1995 | C7: Arab States | D7: 56.828812 | E7: 2.343684 | F7: 0.24238628 | G7: 106.72167 | H7: 24.247643 | I7: 0.92150497 | J7: 9.5431575 | K7: 7.446 | L7: 24.632 | M7: 54.851055 | N7: 16.786992 | O7: 0.10342106 | P7: 20.944 | Q7: 16.102 | R7: 0.901 | S7: 0 | T7: 56.753 | U7: 0 | V7: =IF(Energy_data_1990___2020[[#This Row],[CO2 emissions from fuel combustion (MtCO2)]]>Energy_data_1990___2020[[#Totals],[CO2 emissions from fuel combustion (MtCO2)]],"Above Average","") | W7: =SUM(Energy_data_1990___2020[[#This Row],[Coal and lignite production (Mt)]]-Energy_data_1990___2020[[#This Row],[Coal and lignite domestic consumption (Mt)]]) -> -0.901
A8: Algeria | B8: 1996 | C8: Arab States | D8: 56.165721 | E8: 2.3922596 | F8: 0.23012302 | G8: 112.6593 | H8: 23.478104 | I8: 0.61624138 | J8: 10.084258 | K8: 7.224 | L8: 24.007 | M8: 58.187034 | N8: 16.721017 | O8: 0.096194834 | P8: 21.907 | Q8: 16.697 | R8: 0.659 | S8: 0 | T8: 59.684 | U8: 0 | V8: =IF(Energy_data_1990___2020[[#This Row],[CO2 emissions from fuel combustion (MtCO2)]]>Energy_data_1990___2020[[#Totals],[CO2 emissions from fuel combustion (MtCO2)]],"Above Average","") | W8: =SUM(Energy_data_1990___2020[[#This Row],[Coal and lignite production (Mt)]]-Energy_data_1990___2020[[#This Row],[Coal and lignite domestic consumption (Mt)]]) -> -0.659
A9: Algeria | B9: 1997 | C9: Arab States | D9: 58.074674 | E9: 2.4138632 | F9: 0.2353555 | G9: 121.64199 | H9: 24.058809 | I9: 0.32701112 | J9: 10.226817 | K9: 7.239 | L9: 26.374 | M9: 67.076077 | N9: 17.835995 | O9: 0.097501589 | P9: 22.935 | Q9: 17.123 | R9: 0.541 | S9: 0 | T9: 60.9 | U9: 0 | V9: =IF(Energy_data_1990___2020[[#This Row],[CO2 emissions from fuel combustion (MtCO2)]]>Energy_data_1990___2020[[#Totals],[CO2 emissions from fuel combustion (MtCO2)]],"Above Average","") | W9: =SUM(Energy_data_1990___2020[[#This Row],[Coal and lignite production (Mt)]]-Energy_data_1990___2020[[#This Row],[Coal and lignite domestic consumption (Mt)]]) -> -0.541
A10: Algeria | B10: 1998 | C10: Arab States | D10: 59.494429 | E10: 2.3894406 | F10: 0.22940936 | G10: 127.09352 | H10: 24.898894 | I10: 0.85114806 | J10: 10.561598 | K10: 7.305 | L10: 26.107 | M10: 71.711045 | N10: 18.350023 | O10: 0.096009653 | P10: 25.26 | Q10: 18.674 | R10: 0.837 | S10: 0 | T10: 62.228 | U10: 0 | V10: =IF(Energy_data_1990___2020[[#This Row],[CO2 emissions from fuel combustion (MtCO2)]]>Energy_data_1990___2020[[#Totals],[CO2 emissions from fuel combustion (MtCO2)]],"Above Average","") | W10: =SUM(Energy_data_1990___2020[[#This Row],[Coal and lignite production (Mt)]]-Energy_data_1990___2020[[#This Row],[Coal and lignite domestic consumption (Mt)]]) -> -0.837
A11: Algeria | B11: 1999 | C11: Arab States | D11: 63.247065 | E11: 2.3795649 | F11: 0.2363173 | G11: 136.98255 | H11: 26.579256 | I11: 0.75816993 | J11: 10.379344 | K11: 7.868 | L11: 28.431 | M11: 80.548087 | N11: 19.539015 | O11: 0.099311136 | P11: 26.775 | Q11: 19.991 | R11: 0.849 | S11: 0 | T11: 64.412 | U11: 0 | V11: =IF(Energy_data_1990___2020[[#This Row],[CO2 emissions from fuel combustion (MtCO2)]]>Energy_data_1990___2020[[#Totals],[CO2 emissions from fuel combustion (MtCO2)]],"Above Average","") | W11: =SUM(Energy_data_1990___2020[[#This Row],[Coal and lignite production (Mt)]]-Energy_data_1990___2020[[#This Row],[Coal and lignite domestic consumption (Mt)]]) -> -0.849
A12: Algeria | B12: 2000 | C12: Arab States | D12: 64.229802 | E12: 2.3789766 | F12: 0.23120348 | G12: 142.22826 | H12: 26.998921 | I12: 0.19575147 | J12: 10.651919 | K12: 8.258 | L12: 29.27 | M12: 82.131946 | N12: 19.592006 | O12: 0.097186108 | P12: 27.586 | Q12: 21.211 | R12: 0.773 | S12: 0 | T12: 68.002 | U12: 0 | V12: =IF(Energy_data_1990___2020[[#This Row],[CO2 emissions from fuel combustion (MtCO2)]]>Energy_data_1990___2020[[#Totals],[CO2 emissions from fuel combustion (MtCO2)]],"Above Average","") | W12: =SUM(Energy_data_1990___2020[[#This Row],[Coal and lignite production (Mt)]]-Energy_data_1990___2020[[#This Row],[Coal and lignite domestic consumption (Mt)]]) -> -0.773
A13: Algeria | B13: 2001 | C13: Arab States | D13: 65.741657 | E13: 2.4300362 | F13: 0.229753 | G13: 136.78301 | H13: 27.053777 | I13: 0.23955838 | J13: 11.093436 | K13: 8.394 | L13: 30.272 | M13: 77.266942 | N13: 20.14402 | O13: 0.094547154 | P13: 28.803 | Q13: 22.302 | R13: 0.794 | S13: 0 | T13: 66.739 | U13: 0 | V13: =IF(Energy_data_1990___2020[[#This Row],[CO2 emissions from fuel combustion (MtCO2)]]>Energy_data_1990___2020[[#Totals],[CO2 emissions from fuel combustion (MtCO2)]],"Above Average","") | W13: =SUM(Energy_data_1990___2020[[#This Row],[Coal and lignite production (Mt)]]-Energy_data_1990___2020[[#This Row],[Coal and lignite domestic consumption (Mt)]]) -> -0.794
... A590: Kazakhstan | B590: 2020 | C590: Asia & Pacific | D590: 206.21718 | E590: 2.939759 | F590: 0.41579337 | G590: 169.47872 | H590: 70.147648 | I590: 11.650857 | J590: 18.0779 | K590: 12.195486 | L590: 15.667013 | M590: 36.737287 | N590: 16.3163 | O590: 0.14143791 | P590: 110.04697 | Q590: 92.402213 | R590: 76.143938 | S590: 2.545526 | T590: 87.071197 | U590: 103.78675 | V590: =IF(Energy_data_1990___2020[[#This Row],[CO2 emissions from fuel combustion (MtCO2)]]>Energy_data_1990___2020[[#Totals],[CO2 emissions from fuel combustion (MtCO2)]],"Above Average","") | W590: =SUM(Energy_data_1990___2020[[#This Row],[Coal and lignite production (Mt)]]-Energy_data_1990___2020[[#This Row],[Coal and lignite domestic consumption (Mt)]]) -> 27.642814
A591: Kuwait | B591: 1990 | C591: Middle east | D591: 27.83656 | E591: 3.080057 | F591: 0.52351034 | G591: 50.373797 | H591: 9.0376769 | I591: 0 | J591: 20.888641 | K591: 3.8 | L591: 13.274 | M591: 4.0280029 | N591: 6.0279931 | O591: 0.16996775 | P591: 18.477 | Q591: 14.272 | S591: 0 | T591: 46.337 | V591: =IF(Energy_data_1990___2020[[#This Row],[CO2 emissions from fuel combustion (MtCO2)]]>Energy_data_1990___2020[[#Totals],[CO2 emissions from fuel combustion (MtCO2)]],"Above Average","") | W591: =SUM(Energy_data_1990___2020[[#This Row],[Coal and lignite production (Mt)]]-Energy_data_1990___2020[[#This Row],[Coal and lignite domestic consumption (Mt)]]) -> 0
A592: Kuwait | B592: 1991 | C592: Middle east | D592: 7.5977588 | E592: 2.8969966 | F592: 0.24221559 | G592: 10.048077 | H592: 2.6226329 | I592: 0 | J592: 32.287583 | K592: 1.949 | L592: 2.9 | M592: 0.83400034 | N592: 0.83400034 | O592: 0.083609205 | P592: 10.78 | Q592: 8.116 | S592: 0 | T592: 9.219 | V592: =IF(Energy_data_1990___2020[[#This Row],[CO2 emissions from fuel combustion (MtCO2)]]>Energy_data_1990___2020[[#Totals],[CO2 emissions from fuel combustion (MtCO2)]],"Above Average","") | W592: =SUM(Energy_data_1990___2020[[#This Row],[Coal and lignite production (Mt)]]-Energy_data_1990___2020[[#This Row],[Coal and lignite domestic consumption (Mt)]]) -> 0
A593: Kuwait | B593: 1992 | C593: Middle east | D593: 22.257547 | E593: 2.5439748 | F593: 0.38814708 | G593: 59.748161 | H593: 8.7491225 | I593: 0 | J593: 18.930416 | K593: 4.484 | L593: 17.155 | M593: 4.9080048 | N593: 4.9080048 | O593: 0.15257505 | P593: 16.885 | Q593: 13.196 | S593: 0 | T593: 54.859 | V593: =IF(Energy_data_1990___2020[[#This Row],[CO2 emissions from fuel combustion (MtCO2)]]>Energy_data_1990___2020[[#Totals],[CO2 emissions from fuel combustion (MtCO2)]],"Above Average","") | W593: =SUM(Energy_data_1990___2020[[#This Row],[Coal and lignite production (Mt)]]-Energy_data_1990___2020[[#This Row],[Coal and lignite domestic consumption (Mt)]]) -> 0
A594: Kuwait | B594: 1993 | C594: Middle east | D594: 28.627366 | E594: 2.3375474 | F594: 0.37258597 | G594: 106.54248 | H594: 12.246753 | I594: 0 | J594: 18.243905 | K594: 4.329 | L594: 23.745 | M594: 8.696008 | N594: 8.696008 | O594: 0.15939184 | P594: 20.178 | Q594: 16.074 | S594: 0 | T594: 97.868 | V594: =IF(Energy_data_1990___2020[[#This Row],[CO2 emissions from fuel combustion (MtCO2)]]>Energy_data_1990___2020[[#Totals],[CO2 emissions from fuel combustion (MtCO2)]],"Above Average","") | W594: =SUM(Energy_data_1990___2020[[#This Row],[Coal and lignite production (Mt)]]-Energy_data_1990___2020[[#This Row],[Coal and lignite domestic consumption (Mt)]]) -> 0
A595: Kuwait | B595: 1994 | C595: Middle east | D595: 33.13382 | E595: 2.3078478 | F595: 0.39768798 | G595: 113.89669 | H595: 14.357021 | I595: 0 | J595: 19.289163 | K595: 5.404 | L595: 38.958 | M595: 9.2779905 | N595: 9.2779905 | O595: 0.17231984 | P595: 22.802 | Q595: 17.601 | S595: 0 | T595: 104.638 | V595: =IF(Energy_data_1990___2020[[#This Row],[CO2 emissions from fuel combustion (MtCO2)]]>Energy_data_1990___2020[[#Totals],[CO2 emissions from fuel combustion (MtCO2)]],"Above Average","") | W595: =SUM(Energy_data_1990___2020[[#This Row],[Coal and lignite production (Mt)]]-Energy_data_1990___2020[[#This Row],[Coal and lignite domestic consumption (Mt)]]) -> 0
A596: Kuwait | B596: 1995 | C596: Middle east | D596: 33.067868 | E596: 2.2474757 | F596: 0.3785074 | G596: 114.8924 | H596: 14.713337 | I596: 0 | J596: 18.076519 | K596: 6.008 | L596: 42.566 | M596: 9.278 | N596: 9.278 | O596: 0.16841446 | P596: 23.724 | Q596: 17.656 | S596: 0 | T596: 105.616 | V596: =IF(Energy_data_1990___2020[[#This Row],[CO2 emissions from fuel combustion (MtCO2)]]>Energy_data_1990___2020[[#Totals],[CO2 emissions from fuel combustion (MtCO2)]],"Above Average","") | W596: =SUM(Energy_data_1990___2020[[#This Row],[Coal and lignite production (Mt)]]-Energy_data_1990___2020[[#This Row],[Coal and lignite domestic consumption (Mt)]]) -> 0
A597: Kuwait | B597: 1996 | C597: Middle east | D597: 32.19544 | E597: 2.2235659 | F597: 0.36630465 | G597: 115.20983 | H597: 14.479193 | I597: 0 | J597: 20.687198 | K597: 5.672 | L597: 41.05 | M597: 9.302 | N597: 9.302 | O597: 0.16473748 | P597: 25.475 | Q597: 18.933 | S597: 0 | T597: 105.909 | V597: =IF(Energy_data_1990___2020[[#This Row],[CO2 emissions from fuel combustion (MtCO2)]]>Energy_data_1990___2020[[#Totals],[CO2 emissions from fuel combustion (MtCO2)]],"Above Average","") | W597: =SUM(Energy_data_1990___2020[[#This Row],[Coal and lignite production (Mt)]]-Energy_data_1990___2020[[#This Row],[Coal and lignite domestic consumption (Mt)]]) -> 0
A598: Kuwait | B598: 1997 | C598: Middle east | D598: 33.284775 | E598: 2.2772816 | F598: 0.36955821 | G598: 115.13625 | H598: 14.616012 | I598: 0 | J598: 21.941762 | K598: 6.033 | L598: 45.668 | M598: 9.27 | N598: 9.27 | O598: 0.16228042 | P598: 26.724 | Q598: 19.92 | S598: 0 | T598: 105.862 | V598: =IF(Energy_data_1990___2020[[#This Row],[CO2 emissions from fuel combustion (MtCO2)]]>Energy_data_1990___2020[[#Totals],[CO2 emissions from fuel combustion (MtCO2)]],"Above Average","") | W598: =SUM(Energy_data_1990___2020[[#This Row],[Coal and lignite production (Mt)]]-Energy_data_1990___2020[[#This Row],[Coal and lignite domestic consumption (Mt)]]) -> 0
A599: Kuwait | B599: 1998 | C599: Middle east | D599: 39.296407 | E599: 2.3584163 | F599: 0.42089161 | G599: 117.42055 | H599: 16.662201 | I599: 0 | J599: 21.324355 | K599: 7.322 | L599: 44.356 | M599: 9.491 | N599: 9.491 | O599: 0.17846366 | P599: 29.984 | Q599: 22.455 | S599: 0 | T599: 107.933 | V599: =IF(Energy_data_1990___2020[[#This Row],[CO2 emissions from fuel combustion (MtCO2)]]>Energy_data_1990___2020[[#Totals],[CO2 emissions from fuel combustion (MtCO2)]],"Above Average","") | W599: =SUM(Energy_data_1990___2020[[#This Row],[Coal and lignite production (Mt)]]-Energy_data_1990___2020[[#This Row],[Coal and lignite domestic consumption (Mt)]]) -> 0
A600: Kuwait | B600: 1999 | C600: Middle east | D600: 43.256479 | E600: 2.4217545 | F600: 0.4717463 | G600: 107.67062 | H600: 17.861629 | I600: 0 | J600: 22.600764 | K600: 8.479 | L600: 46.93 | M600: 8.688 | N600: 8.688 | O600: 0.19479526 | P600: 31.576 | Q600: 23.489 | S600: 0 | T600: 98.982 | V600: =IF(Energy_data_1990___2020[[#This Row],[CO2 emissions from fuel combustion (MtCO2)]]>Energy_data_1990___2020[[#Totals],[CO2 emissions from fuel combustion (MtCO2)]],"Above Average","") | W600: =SUM(Energy_data_1990___2020[[#This Row],[Coal and lignite production (Mt)]]-Energy_data_1990___2020[[#This Row],[Coal and lignite domestic consumption (Mt)]]) -> 0
A601: Kuwait | B601: 2000 | C601: Middle east | D601: 46.557731 | E601: 2.5088197 | F601: 0.48498124 | G601: 114.23074 | H601: 18.557624 | I601: 0 | J601: 21.141247 | K601: 8.148 | L601: 38.685 | M601: 9.6 | N601: 9.6 | O601: 0.19331052 | P601: 32.323 | Q601: 23.907 | S601: 0 | T601: 104.706 | V601: =IF(Energy_data_1990___2020[[#This Row],[CO2 emissions from fuel combustion (MtCO2)]]>Energy_data_1990___2020[[#Totals],[CO2 emissions from fuel combustion (MtCO2)]],"Above Average","") | W601: =SUM(Energy_data_1990___2020[[#This Row],[Coal and lignite production (Mt)]]-Energy_data_1990___2020[[#This Row],[Coal and lignite domestic consumption (Mt)]]) -> 0
A602: Kuwait | B602: 2001 | C602: Middle east | D602: 50.479685 | E602: 2.5493238 | F602: 0.52471594 | G602: 111.91584 | H602: 19.801206 | I602: 0 | J602: 22.425767 | K602: 8.705 | L602: 34.436 | M602: 9.5 | N602: 9.5 | O602: 0.20582554 | P602: 34.299 | Q602: 25.5 | S602: 0 | T602: 102.508 | V602: =IF(Energy_data_1990___2020[[#This Row],[CO2 emissions from fuel combustion (MtCO2)]]>Energy_data_1990___2020[[#Totals],[CO2 emissions from fuel combustion (MtCO2)]],"Above Average","") | W602: =SUM(Energy_data_1990___2020[[#This Row],[Coal and lignite production (Mt)]]-Energy_data_1990___2020[[#This Row],[Coal and lignite domestic consumption (Mt)]]) -> 0
... A621: Kuwait | B621: 2020 | C621: Middle east | D621: 94.666804 | E621: 2.5217432 | F621: 0.57517312 | G621: 151.14835 | H621: 37.540223 | I621: 0.27176739 | J621: 22.736389 | K621: 15.382077 | L621: 33.14148 | M621: 21.290523 | N621: 27.456435 | O621: 0.22808552 | P621: 74.575 | Q621: 54.364664 | S621: 0.27176739 | T621: 131.59773 | V621: =IF(Energy_data_1990___2020[[#This Row],[CO2 emissions from fuel combustion (MtCO2)]]>Energy_data_1990___2020[[#Totals],[CO2 emissions from fuel combustion (MtCO2)]],"Above Average","") | W621: =SUM(Energy_data_1990___2020[[#This Row],[Coal and lignite production (Mt)]]-Energy_data_1990___2020[[#This Row],[Coal and lignite domestic consumption (Mt)]]) -> 0
A622: Malaysia | B622: 1990 | C622: Asia & Pacific | D622: 50.73806 | E622: 2.3919224 | F622: 0.27290635 | G622: 47.749219 | H622: 21.212252 | I622: 17.331422 | J622: 12.797935 | K622: 12.077 | L622: 10.086 | M622: 18.356009 | N622: 8.1840046 | O622: 0.11409499 | P622: 23.016 | Q622: 19.945 | R622: 2.104 | S622: 0 | T622: 30.029 | U622: 0.111 | V622: =IF(Energy_data_1990___2020[[#This Row],[CO2 emissions from fuel combustion (MtCO2)]]>Energy_data_1990___2020[[#Totals],[CO2 emissions from fuel combustion (MtCO2)]],"Above Average","") | W622: =SUM(Energy_data_1990___2020[[#This Row],[Coal and lignite production (Mt)]]-Energy_data_1990___2020[[#This Row],[Coal and lignite domestic consumption (Mt)]]) -> -1.993
A623: Malaysia | B623: 1991 | C623: Asia & Pacific | D623: 61.257305 | E623: 2.3289748 | F623: 0.30077606 | G623: 51.967603 | H623: 26.302262 | I623: 16.601386 | J623: 13.058862 | K623: 12.958 | L623: 10.228 | M623: 21.796977 | N623: 11.623 | O623: 0.12914526 | P623: 26.552 | Q623: 22.388 | R623: 2.478 | S623: 0 | T623: 31.219 | U623: 0.2 | V623: =IF(Energy_data_1990___2020[[#This Row],[CO2 emissions from fuel combustion (MtCO2)]]>Energy_data_1990___2020[[#Totals],[CO2 emissions from fuel combustion (MtCO2)]],"Above Average","") | W623: =SUM(Energy_data_1990___2020[[#This Row],[Coal and lignite production (Mt)]]-Energy_data_1990___2020[[#This Row],[Coal and lignite domestic consumption (Mt)]]) -> -2.278
A624: Malaysia | B624: 1992 | C624: Asia & Pacific | D624: 64.389769 | E624: 2.2153275 | F624: 0.29035795 | G624: 53.349421 | H624: 29.065576 | I624: 14.874314 | J624: 13.610032 | K624: 13.523 | L624: 9.526 | M624: 22.592002 | N624: 12.597003 | O624: 0.13106773 | P624: 29.319 | Q624: 25.795 | R624: 2.602 | S624: 0 | T624: 31.979 | U624: 0.084 | V624: =IF(Energy_data_1990___2020[[#This Row],[CO2 emissions from fuel combustion (MtCO2)]]>Energy_data_1990___2020[[#Totals],[CO2 emissions from fuel combustion (MtCO2)]],"Above Average","") | W624: =SUM(Energy_data_1990___2020[[#This Row],[Coal and lignite production (Mt)]]-Energy_data_1990___2020[[#This Row],[Coal and lignite domestic consumption (Mt)]]) -> -2.518
A625: Malaysia | B625: 1993 | C625: Asia & Pacific | D625: 70.17734 | E625: 2.2260323 | F625: 0.28796258 | G625: 55.444974 | H625: 31.525751 | I625: 14.027462 | J625: 13.802186 | K625: 14.643 | L625: 10.767 | M625: 24.58601 | N625: 12.095 | O625: 0.12936137 | P625: 34.739 | Q625: 28.494 | R625: 2.175 | S625: 0 | T625: 31.654 | U625: 0.419 | V625: =IF(Energy_data_1990___2020[[#This Row],[CO2 emissions from fuel combustion (MtCO2)]]>Energy_data_1990___2020[[#Totals],[CO2 emissions from fuel combustion (MtCO2)]],"Above Average","") | W625: =SUM(Energy_data_1990___2020[[#This Row],[Coal and lignite production (Mt)]]-Energy_data_1990___2020[[#This Row],[Coal and lignite domestic consumption (Mt)]]) -> -1.756
A626: Malaysia | B626: 1994 | C626: Asia & Pacific | D626: 75.333748 | E626: 2.3862985 | F626: 0.28304676 | G626: 57.354935 | H626: 31.56929 | I626: 16.685422 | J626: 15.258342 | K626: 15.179 | L626: 14.404 | M626: 25.468985 | N626: 14.771992 | O626: 0.11861331 | P626: 39.1 | Q626: 34.098 | R626: 2.416 | S626: 0 | T626: 32.794 | U626: 0.141 | V626: =IF(Energy_data_1990___2020[[#This Row],[CO2 emissions from fuel combustion (MtCO2)]]>Energy_data_1990___2020[[#Totals],[CO2 emissions from fuel combustion (MtCO2)]],"Above Average","") | W626: =SUM(Energy_data_1990___2020[[#This Row],[Coal and lignite production (Mt)]]-Energy_data_1990___2020[[#This Row],[Coal and lignite domestic consumption (Mt)]]) -> -2.275
A627: Malaysia | B627: 1995 | C627: Asia & Pacific | D627: 82.462205 | E627: 2.4049058 | F627: 0.28210202 | G627: 63.777437 | H627: 34.289162 | I627: 13.686155 | J627: 15.384078 | K627: 17.54 | L627: 18.075 | M627: 29.178998 | N627: 14.478996 | O627: 0.11730273 | P627: 45.462 | Q627: 39.251 | R627: 2.647 | S627: 0 | T627: 35.977 | U627: 0.135 | V627: =IF(Energy_data_1990___2020[[#This Row],[CO2 emissions from fuel combustion (MtCO2)]]>Energy_data_1990___2020[[#Totals],[CO2 emissions from fuel combustion (MtCO2)]],"Above Average","") | W627: =SUM(Energy_data_1990___2020[[#This Row],[Coal and lignite production (Mt)]]-Energy_data_1990___2020[[#This Row],[Coal and lignite domestic consumption (Mt)]]) -> -2.512
A628: Malaysia | B628: 1996 | C628: Asia & Pacific | D628: 92.92935 | E628: 2.4460712 | F628: 0.28900197 | G628: 69.839394 | H628: 37.99127 | I628: 10.088299 | J628: 15.864093 | K628: 18.629 | L628: 19.192 | M628: 36.382996 | N628: 16.51998 | O628: 0.11814945 | P628: 51.416 | Q628: 43.927 | R628: 2.66 | S628: 0 | T628: 35.988 | U628: 0.243 | V628: =IF(Energy_data_1990___2020[[#This Row],[CO2 emissions from fuel combustion (MtCO2)]]>Energy_data_1990___2020[[#Totals],[CO2 emissions from fuel combustion (MtCO2)]],"Above Average","") | W628: =SUM(Energy_data_1990___2020[[#This Row],[Coal and lignite production (Mt)]]-Energy_data_1990___2020[[#This Row],[Coal and lignite domestic consumption (Mt)]]) -> -2.417
A629: Malaysia | B629: 1997 | C629: Asia & Pacific | D629: 100.15757 | E629: 2.2610983 | F629: 0.2902284 | G629: 73.921978 | H629: 44.295982 | I629: 6.6910837 | J629: 17.054973 | K629: 19.853 | L629: 17.39 | M629: 41.430956 | N629: 19.853015 | O629: 0.12835727 | P629: 57.883 | Q629: 50.986 | R629: 2.573 | S629: 0 | T629: 35.935 | U629: 0.243 | V629: =IF(Energy_data_1990___2020[[#This Row],[CO2 emissions from fuel combustion (MtCO2)]]>Energy_data_1990___2020[[#Totals],[CO2 emissions from fuel combustion (MtCO2)]],"Above Average","") | W629: =SUM(Energy_data_1990___2020[[#This Row],[Coal and lignite production (Mt)]]-Energy_data_1990___2020[[#This Row],[Coal and lignite domestic consumption (Mt)]]) -> -2.33
A630: Malaysia | B630: 1998 | C630: Asia & Pacific | D630: 100.2829 | E630: 2.40522 | F630: 0.31367632 | G630: 74.496358 | H630: 41.693857 | I630: 7.9969034 | J630: 18.350738 | K630: 18.493 | L630: 17.798 | M630: 41.881006 | N630: 19.508018 | O630: 0.13041481 | P630: 60.711 | Q630: 53.235 | R630: 2.746 | S630: 0 | T630: 35.976 | U630: 0.35 | V630: =IF(Energy_data_1990___2020[[#This Row],[CO2 emissions from fuel combustion (MtCO2)]]>Energy_data_1990___2020[[#Totals],[CO2 emissions from fuel combustion (MtCO2)]],"Above Average","") | W630: =SUM(Energy_data_1990___2020[[#This Row],[Coal and lignite production (Mt)]]-Energy_data_1990___2020[[#This Row],[Coal and lignite domestic consumption (Mt)]]) -> -2.396
A631: Malaysia | B631: 1999 | C631: Asia & Pacific | D631: 108.61625 | E631: 2.5703157 | F631: 0.32009608 | G631: 72.989623 | H631: 42.257942 | I631: 11.535572 | J631: 17.99009 | K631: 18.763 | L631: 18.68 | M631: 43.424002 | N631: 22.96002 | O631: 0.12453571 | P631: 65.233 | Q631: 55.999 | R631: 3.077 | S631: 0 | T631: 33.077 | U631: 0.276 | V631: =IF(Energy_data_1990___2020[[#This Row],[CO2 emissions from fuel combustion (MtCO2)]]>Energy_data_1990___2020[[#Totals],[CO2 emissions from fuel combustion (MtCO2)]],"Above Average","") | W631: =SUM(Energy_data_1990___2020[[#This Row],[Coal and lignite production (Mt)]]-Energy_data_1990___2020[[#This Row],[Coal and lignite domestic consumption (Mt)]]) -> -2.801
A632: Malaysia | B632: 2000 | C632: Asia & Pacific | D632: 117.99481 | E632: 2.434623 | F632: 0.31943658 | G632: 77.125334 | H632: 48.465333 | I632: 10.05848 | J632: 18.076909 | K632: 19.015 | L632: 21.814 | M632: 50.443982 | N632: 27.271998 | O632: 0.13120577 | P632: 69.255 | Q632: 61.205 | R632: 3.943 | S632: 0 | T632: 31.319 | U632: 0.384 | V632: =IF(Energy_data_1990___2020[[#This Row],[CO2 emissions from fuel combustion (MtCO2)]]>Energy_data_1990___2020[[#Totals],[CO2 emissions from fuel combustion (MtCO2)]],"Above Average","") | W632: =SUM(Energy_data_1990___2020[[#This Row],[Coal and lignite production (Mt)]]-Energy_data_1990___2020[[#This Row],[Coal and lignite domestic consumption (Mt)]]) -> -3.559
A633: Malaysia | B633: 2001 | C633: Asia & Pacific | D633: 123.60051 | E633: 2.4342199 | F633: 0.3328891 | G633: 78.266719 | H633: 50.776231 | I633: 9.929098 | J633: 18.168275 | K633: 19.822 | L633: 23.448 | M633: 49.091979 | N633: 28.767994 | O633: 0.13675391 | P633: 71.084 | Q633: 65.056 | R633: 4.764 | S633: 0 | T633: 33.447 | U633: 0.546 | V633: =IF(Energy_data_1990___2020[[#This Row],[CO2 emissions from fuel combustion (MtCO2)]]>Energy_data_1990___2020[[#Totals],[CO2 emissions from fuel combustion (MtCO2)]],"Above Average","") | W633: =SUM(Energy_data_1990___2020[[#This Row],[Coal and lignite production (Mt)]]-Energy_data_1990___2020[[#This Row],[Coal and lignite domestic consumption (Mt)]]) -> -4.218
... A838: Poland | B838: 2020 | C838: Europe | D838: 278.0328 | E838: 2.8524681 | F838: 0.23594143 | G838: 55.379556 | H838: 97.470956 | I838: 16.670807 | J838: 15.930954 | K838: 28.664367 | L838: 26.690688 | M838: 5.5341418 | N838: 21.531968 | O838: 0.082714836 | P838: 157.55038 | Q838: 144.6543 | R838: 99.767189 | S838: 11.211958 | T838: 1.5222327 | U838: 100.7726 | V838: =IF(Energy_data_1990___2020[[#This Row],[CO2 emissions from fuel combustion (MtCO2)]]>Energy_data_1990___2020[[#Totals],[CO2 emissions from fuel combustion (MtCO2)]],"Above Average","") | W838: =SUM(Energy_data_1990___2020[[#This Row],[Coal and lignite production (Mt)]]-Energy_data_1990___2020[[#This Row],[Coal and lignite domestic consumption (Mt)]]) -> 1.0054062
A839: Portugal | B839: 1990 | C839: Europe | D839: 39.787808 | E839: 2.3710201 | F839: 0.17745326 | G839: 3.392967 | H839: 16.780881 | I839: 35.079471 | J839: 15.046364 | K839: 10.94 | L839: 11.428 | N839: 0 | O839: 0.074842579 | P839: 28.501 | Q839: 23.95 | R839: 4.399 | S839: 0.021051893 | T839: 0 | U839: 0 | V839: =IF(Energy_data_1990___2020[[#This Row],[CO2 emissions from fuel combustion (MtCO2)]]>Energy_data_1990___2020[[#Totals],[CO2 emissions from fuel combustion (MtCO2)]],"Above Average","") | W839: =SUM(Energy_data_1990___2020[[#This Row],[Coal and lignite production (Mt)]]-Energy_data_1990___2020[[#This Row],[Coal and lignite domestic consumption (Mt)]]) -> -4.399
A840: Portugal | B840: 1991 | C840: Europe | D840: 41.289468 | E840: 2.4337779 | F840: 0.17644325 | G840: 3.3941156 | H840: 16.965175 | I840: 33.446036 | J840: 15.772737 | K840: 10.995 | L840: 10.192 | N840: 0 | O840: 0.07249768 | P840: 29.872 | Q840: 25.256 | R840: 4.619 | S840: 0.023433315 | T840: 0 | U840: 0 | V840: =IF(Energy_data_1990___2020[[#This Row],[CO2 emissions from fuel combustion (MtCO2)]]>Energy_data_1990___2020[[#Totals],[CO2 emissions from fuel combustion (MtCO2)]],"Above Average","") | W840: =SUM(Energy_data_1990___2020[[#This Row],[Coal and lignite production (Mt)]]-Energy_data_1990___2020[[#This Row],[Coal and lignite domestic consumption (Mt)]]) -> -4.619
A841: Portugal | B841: 1992 | C841: Europe | D841: 45.145234 | E841: 2.5011693 | F841: 0.19084102 | G841: 2.9397123 | H841: 18.049652 | I841: 19.828503 | J841: 15.654185 | K841: 12.351 | L841: 11.649 | N841: 0 | O841: 0.076300719 | P841: 30.088 | Q841: 26.035 | R841: 4.713 | S841: 0.033235842 | T841: 0 | U841: 0 | V841: =IF(Energy_data_1990___2020[[#This Row],[CO2 emissions from fuel combustion (MtCO2)]]>Energy_data_1990___2020[[#Totals],[CO2 emissions from fuel combustion (MtCO2)]],"Above Average","") | W841: =SUM(Energy_data_1990___2020[[#This Row],[Coal and lignite production (Mt)]]-Energy_data_1990___2020[[#This Row],[Coal and lignite domestic consumption (Mt)]]) -> -4.713
A842: Portugal | B842: 1993 | C842: Europe | D842: 43.863107 | E842: 2.464147 | F842: 0.18928882 | G842: 3.2758895 | H842: 17.800524 | I842: 30.936358 | J842: 15.829675 | K842: 11.652 | L842: 11.264 | N842: 0 | O842: 0.076817178 | P842: 31.206 | Q842: 26.376 | R842: 4.982 | S842: 0.051272191 | T842: 0 | U842: 0 | V842: =IF(Energy_data_1990___2020[[#This Row],[CO2 emissions from fuel combustion (MtCO2)]]>Energy_data_1990___2020[[#Totals],[CO2 emissions from fuel combustion (MtCO2)]],"Above Average","") | W842: =SUM(Energy_data_1990___2020[[#This Row],[Coal and lignite production (Mt)]]-Energy_data_1990___2020[[#This Row],[Coal and lignite domestic consumption (Mt)]]) -> -4.982
A843: Portugal | B843: 1994 | C843: Europe | D843: 45.282535 | E843: 2.4797098 | F843: 0.19354687 | G843: 3.4858031 | H843: 18.261223 | I843: 37.241094 | J843: 15.656353 | K843: 11.776 | L843: 13.744 | N843: 0 | O843: 0.078052223 | P843: 31.382 | Q843: 27.431 | R843: 5.236 | S843: 0.16251354 | T843: 0 | U843: 0 | V843: =IF(Energy_data_1990___2020[[#This Row],[CO2 emissions from fuel combustion (MtCO2)]]>Energy_data_1990___2020[[#Totals],[CO2 emissions from fuel combustion (MtCO2)]],"Above Average","") | W843: =SUM(Energy_data_1990___2020[[#This Row],[Coal and lignite production (Mt)]]-Energy_data_1990___2020[[#This Row],[Coal and lignite domestic consumption (Mt)]]) -> -5.236
A844: Portugal | B844: 1995 | C844: Europe | D844: 48.710549 | E844: 2.4119894 | F844: 0.1996484 | G844: 3.3173587 | H844: 20.195175 | I844: 28.561551 | J844: 16.209295 | K844: 12.872 | L844: 13.346 | N844: 0 | O844: 0.08277333 | P844: 33.265 | Q844: 29.291 | R844: 5.672 | S844: 0.1773636 | T844: 0 | U844: 0 | V844: =IF(Energy_data_1990___2020[[#This Row],[CO2 emissions from fuel combustion (MtCO2)]]>Energy_data_1990___2020[[#Totals],[CO2 emissions from fuel combustion (MtCO2)]],"Above Average","") | W844: =SUM(Energy_data_1990___2020[[#This Row],[Coal and lignite production (Mt)]]-Energy_data_1990___2020[[#This Row],[Coal and lignite domestic consumption (Mt)]]) -> -5.672
A845: Portugal | B845: 1996 | C845: Europe | D845: 46.754992 | E845: 2.3380971 | F845: 0.18514527 | G845: 3.7930703 | H845: 19.997028 | I845: 46.024159 | J845: 16.388429 | K845: 12.264 | L845: 12.341 | N845: 0 | O845: 0.079186306 | P845: 34.521 | Q845: 30.69 | R845: 5.438 | S845: 0.20567191 | T845: 0 | U845: 0 | V845: =IF(Energy_data_1990___2020[[#This Row],[CO2 emissions from fuel combustion (MtCO2)]]>Energy_data_1990___2020[[#Totals],[CO2 emissions from fuel combustion (MtCO2)]],"Above Average","") | W845: =SUM(Energy_data_1990___2020[[#This Row],[Coal and lignite production (Mt)]]-Energy_data_1990___2020[[#This Row],[Coal and lignite domestic consumption (Mt)]]) -> -5.438
A846: Portugal | B846: 1997 | C846: Europe | D846: 48.993034 | E846: 2.3257709 | F846: 0.18582959 | G846: 3.7477565 | H846: 21.065288 | I846: 41.808934 | J846: 16.408969 | K846: 13.16 | L846: 12.984 | N846: 0.1 | O846: 0.07990021 | P846: 34.208 | Q846: 32.439 | R846: 5.464 | S846: 0.26309635 | T846: 0 | U846: 0 | V846: =IF(Energy_data_1990___2020[[#This Row],[CO2 emissions from fuel combustion (MtCO2)]]>Energy_data_1990___2020[[#Totals],[CO2 emissions from fuel combustion (MtCO2)]],"Above Average","") | W846: =SUM(Energy_data_1990___2020[[#This Row],[Coal and lignite production (Mt)]]-Energy_data_1990___2020[[#This Row],[Coal and lignite domestic consumption (Mt)]]) -> -5.464
A847: Portugal | B847: 1998 | C847: Europe | D847: 53.740412 | E847: 2.3611679 | F847: 0.1944855 | G847: 3.7324066 | H847: 22.760097 | I847: 36.486764 | J847: 16.239754 | K847: 14.783 | L847: 14.019 | N847: 0.80600038 | O847: 0.082368349 | P847: 38.984 | Q847: 34.412 | R847: 4.985 | S847: 0.37964293 | T847: 0 | U847: 0 | V847: =IF(Energy_data_1990___2020[[#This Row],[CO2 emissions from fuel combustion (MtCO2)]]>Energy_data_1990___2020[[#Totals],[CO2 emissions from fuel combustion (MtCO2)]],"Above Average","") | W847: =SUM(Energy_data_1990___2020[[#This Row],[Coal and lignite production (Mt)]]-Energy_data_1990___2020[[#This Row],[Coal and lignite domestic consumption (Mt)]]) -> -4.985
A848: Portugal | B848: 1999 | C848: Europe | D848: 60.210853 | E848: 2.4651859 | F848: 0.20970944 | G848: 3.3678406 | H848: 24.424468 | I848: 20.779911 | J848: 16.806924 | K848: 15.031 | L848: 13.482 | N848: 2.2480023 | O848: 0.08506841 | P848: 43.287 | Q848: 36.741 | R848: 6.083 | S848: 0.47127313 | T848: 0 | U848: 0 | V848: =IF(Energy_data_1990___2020[[#This Row],[CO2 emissions from fuel combustion (MtCO2)]]>Energy_data_1990___2020[[#Totals],[CO2 emissions from fuel combustion (MtCO2)]],"Above Average","") | W848: =SUM(Energy_data_1990___2020[[#This Row],[Coal and lignite production (Mt)]]-Energy_data_1990___2020[[#This Row],[Coal and lignite domestic consumption (Mt)]]) -> -6.083
A849: Portugal | B849: 2000 | C849: Europe | D849: 59.711418 | E849: 2.4277544 | F849: 0.20032519 | G849: 3.8466729 | H849: 24.595329 | I849: 30.298876 | J849: 16.983935 | K849: 14.66 | L849: 12.308 | N849: 2.2800001 | O849: 0.082514602 | P849: 43.764 | Q849: 38.939 | R849: 6.102 | S849: 0.56896079 | T849: 0 | U849: 0 | V849: =IF(Energy_data_1990___2020[[#This Row],[CO2 emissions from fuel combustion (MtCO2)]]>Energy_data_1990___2020[[#Totals],[CO2 emissions from fuel combustion (MtCO2)]],"Above Average","") | W849: =SUM(Energy_data_1990___2020[[#This Row],[Coal and lignite production (Mt)]]-Energy_data_1990___2020[[#This Row],[Coal and lignite domestic consumption (Mt)]]) -> -6.102
A850: Portugal | B850: 2001 | C850: Europe | D850: 59.254515 | E850: 2.3912403 | F850: 0.19500213 | G850: 4.0971066 | H850: 24.779825 | I850: 34.578254 | J850: 17.606973 | K850: 15.046 | L850: 13.061 | N850: 2.5429995 | O850: 0.081548529 | P850: 46.509 | Q850: 40.541 | R850: 5.157 | S850: 0.77834398 | T850: 0 | U850: 0 | V850: =IF(Energy_data_1990___2020[[#This Row],[CO2 emissions from fuel combustion (MtCO2)]]>Energy_data_1990___2020[[#Totals],[CO2 emissions from fuel combustion (MtCO2)]],"Above Average","") | W850: =SUM(Energy_data_1990___2020[[#This Row],[Coal and lignite production (Mt)]]-Energy_data_1990___2020[[#This Row],[Coal and lignite domestic consumption (Mt)]]) -> -5.157
... A869: Portugal | B869: 2020 | C869: Europe | D869: 38.90538 | E869: 1.9438118 | F869: 0.12397399 | G869: 6.1490694 | H869: 20.014993 | I869: 59.700641 | J869: 24.434017 | K869: 8.1930635 | L869: 11.570707 | N869: 5.9667548 | O869: 0.063778802 | P869: 53.099291 | Q869: 45.99131 | R869: 0.96087489 | S869: 26.803742 | T869: 0.066625879 | U869: 0.147 | V869: =IF(Energy_data_1990___2020[[#This Row],[CO2 emissions from fuel combustion (MtCO2)]]>Energy_data_1990___2020[[#Totals],[CO2 emissions from fuel combustion (MtCO2)]],"Above Average","") | W869: =SUM(Energy_data_1990___2020[[#This Row],[Coal and lignite production (Mt)]]-Energy_data_1990___2020[[#This Row],[Coal and lignite domestic consumption (Mt)]]) -> -0.81387489
A870: Romania | B870: 1990 | C870: Europe | D870: 163.01396 | E870: 2.6300111 | F870: 0.58643184 | G870: 40.456423 | H870: 61.982235 | I870: 17.744017 | J870: 10.487675 | K870: 17.032 | L870: 22.618 | M870: 28.336014 | N870: 35.667968 | O870: 0.22297695 | P870: 64.309 | Q870: 60.216 | R870: 46.953 | S870: 0 | T870: 7.929 | U870: 38.183 | V870: =IF(Energy_data_1990___2020[[#This Row],[CO2 emissions from fuel combustion (MtCO2)]]>Energy_data_1990___2020[[#Totals],[CO2 emissions from fuel combustion (MtCO2)]],"Above Average","") | W870: =SUM(Energy_data_1990___2020[[#This Row],[Coal and lignite production (Mt)]]-Energy_data_1990___2020[[#This Row],[Coal and lignite domestic consumption (Mt)]]) -> -8.77
A871: Romania | B871: 1991 | C871: Europe | D871: 135.58437 | E871: 2.6546339 | F871: 0.56011218 | G871: 35.651149 | H871: 51.074601 | I871: 25.681742 | J871: 10.743586 | K871: 14.336 | L871: 14.736 | M871: 24.807023 | N871: 29.432989 | O871: 0.21099413 | P871: 56.803 | Q871: 50.881 | R871: 39.661 | S871: 0 | T871: 6.791 | U871: 32.414 | V871: =IF(Energy_data_1990___2020[[#This Row],[CO2 emissions from fuel combustion (MtCO2)]]>Energy_data_1990___2020[[#Totals],[CO2 emissions from fuel combustion (MtCO2)]],"Above Average","") | W871: =SUM(Energy_data_1990___2020[[#This Row],[Coal and lignite production (Mt)]]-Energy_data_1990___2020[[#This Row],[Coal and lignite domestic consumption (Mt)]]) -> -7.247
A872: Romania | B872: 1992 | C872: Europe | D872: 127.25792 | E872: 2.7624443 | F872: 0.57623461 | G872: 33.703261 | H872: 46.067144 | I872: 21.592398 | J872: 12.010408 | K872: 11.867 | L872: 12.955 | M872: 21.782003 | N872: 26.481006 | O872: 0.20859592 | P872: 54.195 | Q872: 46.736 | R872: 43.85353 | S872: 0 | T872: 6.827 | U872: 38.37 | V872: =IF(Energy_data_1990___2020[[#This Row],[CO2 emissions from fuel combustion (MtCO2)]]>Energy_data_1990___2020[[#Totals],[CO2 emissions from fuel combustion (MtCO2)]],"Above Average","") | W872: =SUM(Energy_data_1990___2020[[#This Row],[Coal and lignite production (Mt)]]-Energy_data_1990___2020[[#This Row],[Coal and lignite domestic consumption (Mt)]]) -> -5.4835296
A873: Romania | B873: 1993 | C873: Europe | D873: 118.48384 | E873: 2.5962545 | F873: 0.52842609 | G873: 33.497069 | H873: 45.636452 | I873: 23.017161 | J873: 11.577181 | K873: 11.106 | L873: 13.217 | M873: 20.737024 | N873: 24.95302 | O873: 0.20353401 | P873: 55.476 | Q873: 42.688 | R873: 44.965304 | S873: 0 | T873: 6.931 | U873: 39.777 | V873: =IF(Energy_data_1990___2020[[#This Row],[CO2 emissions from fuel combustion (MtCO2)]]>Energy_data_1990___2020[[#Totals],[CO2 emissions from fuel combustion (MtCO2)]],"Above Average","") | W873: =SUM(Energy_data_1990___2020[[#This Row],[Coal and lignite production (Mt)]]-Energy_data_1990___2020[[#This Row],[Coal and lignite domestic consumption (Mt)]]) -> -5.1883036
A874: Romania | B874: 1994 | C874: Europe | D874: 113.62171 | E874: 2.6399123 | F874: 0.48757048 | G874: 31.814665 | H874: 43.039957 | I874: 23.661492 | J874: 10.987516 | K874: 10.986 | L874: 14.752 | M874: 18.511 | N874: 24.010018 | O874: 0.18469192 | P874: 55.136 | Q874: 40.949 | R874: 43.845024 | S874: 0 | T874: 6.974 | U874: 40.566 | V874: =IF(Energy_data_1990___2020[[#This Row],[CO2 emissions from fuel combustion (MtCO2)]]>Energy_data_1990___2020[[#Totals],[CO2 emissions from fuel combustion (MtCO2)]],"Above Average","") | W874: =SUM(Energy_data_1990___2020[[#This Row],[Coal and lignite production (Mt)]]-Energy_data_1990___2020[[#This Row],[Coal and lignite domestic consumption (Mt)]]) -> -3.2790241
A875: Romania | B875: 1995 | C875: Europe | D875: 117.12431 | E875: 2.5130989 | F875: 0.47310942 | G875: 32.485225 | H875: 46.605532 | I875: 28.166234 | J875: 11.206948 | K875: 11.101 | L875: 14.559 | M875: 18.043012 | N875: 23.962984 | O875: 0.18825738 | P875: 59.266 | Q875: 43.108 | R875: 45.010866 | S875: 0 | T875: 7.04 | U875: 41.127 | V875: =IF(Energy_data_1990___2020[[#This Row],[CO2 emissions from fuel combustion (MtCO2)]]>Energy_data_1990___2020[[#Totals],[CO2 emissions from fuel combustion (MtCO2)]],"Above Average","") | W875: =SUM(Energy_data_1990___2020[[#This Row],[Coal and lignite production (Mt)]]-Energy_data_1990___2020[[#This Row],[Coal and lignite domestic consumption (Mt)]]) -> -3.8838665
A876: Romania | B876: 1996 | C876: Europe | D876: 121.95902 | E876: 2.5488187 | F876: 0.47411175 | G876: 32.979549 | H876: 47.849232 | I876: 25.680522 | J876: 10.940874 | K876: 12.81 | L876: 13.246 | M876: 17.249004 | N876: 24.18002 | O876: 0.18601235 | P876: 61.35 | Q876: 46.147 | R876: 45.335214 | S876: 0 | T876: 6.965 | U876: 41.871 | V876: =IF(Energy_data_1990___2020[[#This Row],[CO2 emissions from fuel combustion (MtCO2)]]>Energy_data_1990___2020[[#Totals],[CO2 emissions from fuel combustion (MtCO2)]],"Above Average","") | W876: =SUM(Energy_data_1990___2020[[#This Row],[Coal and lignite production (Mt)]]-Energy_data_1990___2020[[#This Row],[Coal and lignite domestic consumption (Mt)]]) -> -3.464214
A877: Romania | B877: 1997 | C877: Europe | D877: 112.54323 | E877: 2.5073019 | F877: 0.45980438 | G877: 31.601577 | H877: 44.886191 | I877: 30.657241 | J877: 10.829173 | K877: 13.139 | L877: 12.302 | M877: 14.965002 | N877: 20.867975 | O877: 0.18338613 | P877: 57.148 | Q877: 46.739 | R877: 37.801024 | S877: 0 | T877: 6.855 | U877: 33.807 | V877: =IF(Energy_data_1990___2020[[#This Row],[CO2 emissions from fuel combustion (MtCO2)]]>Energy_data_1990___2020[[#Totals],[CO2 emissions from fuel combustion (MtCO2)]],"Above Average","") | W877: =SUM(Energy_data_1990___2020[[#This Row],[Coal and lignite production (Mt)]]-Energy_data_1990___2020[[#This Row],[Coal and lignite domestic consumption (Mt)]]) -> -3.9940239
A878: Romania | B878: 1998 | C878: Europe | D878: 97.990676 | E878: 2.3855039 | F878: 0.40864345 | G878: 29.058076 | H878: 41.077559 | I878: 35.311051 | J878: 11.411442 | K878: 11.48 | L878: 13.025 | M878: 14.004001 | N878: 18.741992 | O878: 0.17130279 | P878: 53.496 | Q878: 44.029 | R878: 31.361964 | S878: 0 | T878: 6.724 | U878: 26.235 | V878: =IF(Energy_data_1990___2020[[#This Row],[CO2 emissions from fuel combustion (MtCO2)]]>Energy_data_1990___2020[[#Totals],[CO2 emissions from fuel combustion (MtCO2)]],"Above Average","") | W878: =SUM(Energy_data_1990___2020[[#This Row],[Coal and lignite production (Mt)]]-Energy_data_1990___2020[[#This Row],[Coal and lignite domestic consumption (Mt)]]) -> -5.126964
A879: Romania | B879: 1999 | C879: Europe | D879: 84.022073 | E879: 2.316629 | F879: 0.35171597 | G879: 27.961084 | H879: 36.269111 | I879: 36.067837 | J879: 12.07041 | K879: 9.533 | L879: 10.458 | M879: 14.026994 | N879: 17.135018 | O879: 0.15182231 | P879: 50.71 | Q879: 38.996 | R879: 27.957 | S879: 0 | T879: 6.435 | U879: 22.893 | V879: =IF(Energy_data_1990___2020[[#This Row],[CO2 emissions from fuel combustion (MtCO2)]]>Energy_data_1990___2020[[#Totals],[CO2 emissions from fuel combustion (MtCO2)]],"Above Average","") | W879: =SUM(Energy_data_1990___2020[[#This Row],[Coal and lignite production (Mt)]]-Energy_data_1990___2020[[#This Row],[Coal and lignite domestic consumption (Mt)]]) -> -5.064
A880: Romania | B880: 2000 | C880: Europe | D880: 87.338919 | E880: 2.4091948 | F880: 0.35681804 | G880: 28.327253 | H880: 36.252327 | I880: 28.455347 | J880: 11.962363 | K880: 9.725 | L880: 10.99 | M880: 13.750017 | N880: 17.119998 | O880: 0.14810676 | P880: 51.934 | Q880: 41.3 | R880: 32.006717 | S880: 0 | T880: 6.339 | U880: 29.294 | V880: =IF(Energy_data_1990___2020[[#This Row],[CO2 emissions from fuel combustion (MtCO2)]]>Energy_data_1990___2020[[#Totals],[CO2 emissions from fuel combustion (MtCO2)]],"Above Average","") | W880: =SUM(Energy_data_1990___2020[[#This Row],[Coal and lignite production (Mt)]]-Energy_data_1990___2020[[#This Row],[Coal and lignite domestic consumption (Mt)]]) -> -2.7127165
A881: Romania | B881: 2001 | C881: Europe | D881: 93.635126 | E881: 2.5383951 | F881: 0.36356928 | G881: 27.762995 | H881: 36.887529 | I881: 27.703932 | J881: 12.569545 | K881: 11.169 | L881: 12.073 | M881: 13.567991 | N881: 16.564992 | O881: 0.14322801 | P881: 53.866 | Q881: 42.299 | R881: 34.422833 | S881: 0 | T881: 6.273 | U881: 33.303 | V881: =IF(Energy_data_1990___2020[[#This Row],[CO2 emissions from fuel combustion (MtCO2)]]>Energy_data_1990___2020[[#Totals],[CO2 emissions from fuel combustion (MtCO2)]],"Above Average","") | W881: =SUM(Energy_data_1990___2020[[#This Row],[Coal and lignite production (Mt)]]-Energy_data_1990___2020[[#This Row],[Coal and lignite domestic consumption (Mt)]]) -> -1.1198334
... A931: Russia | B931: 2020 | C931: Europe | D931: 1619.0846 | E931: 2.213839 | F931: 0.45073515 | G931: 1401.557 | H931: 731.34703 | I931: 20.301107 | J931: 12.991102 | K931: 129.44063 | L931: 265.82908 | M931: 705.18138 | N931: 484.45489 | O931: 0.20359888 | P931: 1091.5352 | Q931: 905.595 | R931: 204.80826 | S931: 0.33620111 | T931: 512.35785 | U931: 385.56453 | V931: =IF(Energy_data_1990___2020[[#This Row],[CO2 emissions from fuel combustion (MtCO2)]]>Energy_data_1990___2020[[#Totals],[CO2 emissions from fuel combustion (MtCO2)]],"Above Average","") -> Above Average | W931: =SUM(Energy_data_1990___2020[[#This Row],[Coal and lignite production (Mt)]]-Energy_data_1990___2020[[#This Row],[Coal and lignite domestic consumption (Mt)]]) -> 180.75626
A932: Saudi Arabia | B932: 1990 | C932: Middle east | D932: 155.69988 | E932: 2.6840298 | F932: 0.23527478 | G932: 368.44259 | H932: 58.009743 | I932: 0 | J932: 11.963677 | K932: 34.342 | L932: 89.818 | M932: 23.855972 | N932: 23.855972 | O932: 0.087657289 | P932: 69.208 | Q932: 63.633 | R932: 0 | S932: 0 | T932: 341.817 | V932: =IF(Energy_data_1990___2020[[#This Row],[CO2 emissions from fuel combustion (MtCO2)]]>Energy_data_1990___2020[[#Totals],[CO2 emissions from fuel combustion (MtCO2)]],"Above Average","") | W932: =SUM(Energy_data_1990___2020[[#This Row],[Coal and lignite production (Mt)]]-Energy_data_1990___2020[[#This Row],[Coal and lignite domestic consumption (Mt)]]) -> 0
A933: Saudi Arabia | B933: 1991 | C933: Middle east | D933: 162.07217 | E933: 2.4001303 | F933: 0.21294524 | G933: 463.65968 | H933: 67.526404 | I933: 0 | J933: 12.276768 | K933: 35.551 | L933: 84.816 | M933: 24.362022 | N933: 24.362022 | O933: 0.088722366 | P933: 74.011 | Q933: 67.437 | R933: 0 | S933: 0 | T933: 435.055 | V933: =IF(Energy_data_1990___2020[[#This Row],[CO2 emissions from fuel combustion (MtCO2)]]>Energy_data_1990___2020[[#Totals],[CO2 emissions from fuel combustion (MtCO2)]],"Above Average","") | W933: =SUM(Energy_data_1990___2020[[#This Row],[Coal and lignite production (Mt)]]-Energy_data_1990___2020[[#This Row],[Coal and lignite domestic consumption (Mt)]]) -> 0
A934: Saudi Arabia | B934: 1992 | C934: Middle east | D934: 176.79355 | E934: 2.2980311 | F934: 0.22338016 | G934: 477.20288 | H934: 76.932617 | I934: 0 | J934: 11.874269 | K934: 39.06 | L934: 88.791 | M934: 26.999982 | N934: 26.999982 | O934: 0.09720502 | P934: 82.19 | Q934: 74.112 | R934: 0 | S934: 0 | T934: 446.148 | V934: =IF(Energy_data_1990___2020[[#This Row],[CO2 emissions from fuel combustion (MtCO2)]]>Energy_data_1990___2020[[#Totals],[CO2 emissions from fuel combustion (MtCO2)]],"Above Average","") | W934: =SUM(Energy_data_1990___2020[[#This Row],[Coal and lignite production (Mt)]]-Energy_data_1990___2020[[#This Row],[Coal and lignite domestic consumption (Mt)]]) -> 0
A935: Saudi Arabia | B935: 1993 | C935: Middle east | D935: 187.37428 | E935: 2.3461405 | F935: 0.24002229 | G935: 471.76032 | H935: 79.864903 | I935: 0 | J935: 12.729516 | K935: 41.092 | L935: 90.28 | M935: 28.09198 | N935: 28.09198 | O935: 0.10230517 | P935: 91.04 | Q935: 82.198 | R935: 0 | S935: 0 | T935: 439.821 | V935: =IF(Energy_data_1990___2020[[#This Row],[CO2 emissions from fuel combustion (MtCO2)]]>Energy_data_1990___2020[[#Totals],[CO2 emissions from fuel combustion (MtCO2)]],"Above Average","") | W935: =SUM(Energy_data_1990___2020[[#This Row],[Coal and lignite production (Mt)]]-Energy_data_1990___2020[[#This Row],[Coal and lignite domestic consumption (Mt)]]) -> 0
A936: Saudi Arabia | B936: 1994 | C936: Middle east | D936: 199.50462 | E936: 2.3740521 | F936: 0.25414104 | G936: 461.85501 | H936: 84.035484 | I936: 0 | J936: 12.375604 | K936: 42.013 | L936: 91.518 | M936: 30.453028 | N936: 30.453028 | O936: 0.10704948 | P936: 93.922 | Q936: 85.909 | R936: 0 | S936: 0 | T936: 428.105 | V936: =IF(Energy_data_1990___2020[[#This Row],[CO2 emissions from fuel combustion (MtCO2)]]>Energy_data_1990___2020[[#Totals],[CO2 emissions from fuel combustion (MtCO2)]],"Above Average","") | W936: =SUM(Energy_data_1990___2020[[#This Row],[Coal and lignite production (Mt)]]-Energy_data_1990___2020[[#This Row],[Coal and lignite domestic consumption (Mt)]]) -> 0
A937: Saudi Arabia | B937: 1995 | C937: Middle east | D937: 198.65266 | E937: 2.3505522 | F937: 0.25252019 | G937: 464.24422 | H937: 84.513188 | I937: 0 | J937: 12.98461 | K937: 41.143 | L937: 89.205 | M937: 30.330997 | N937: 30.330997 | O937: 0.10743016 | P937: 97.846 | Q937: 89.642 | R937: 0 | S937: 0 | T937: 430.44 | V937: =IF(Energy_data_1990___2020[[#This Row],[CO2 emissions from fuel combustion (MtCO2)]]>Energy_data_1990___2020[[#Totals],[CO2 emissions from fuel combustion (MtCO2)]],"Above Average","") | W937: =SUM(Energy_data_1990___2020[[#This Row],[Coal and lignite production (Mt)]]-Energy_data_1990___2020[[#This Row],[Coal and lignite domestic consumption (Mt)]]) -> 0
A938: Saudi Arabia | B938: 1996 | C938: Middle east | D938: 211.53218 | E938: 2.3382662 | F938: 0.26198259 | G938: 469.06585 | H938: 90.465396 | I938: 0 | J938: 12.140471 | K938: 44.921 | L938: 99.592 | M938: 31.471015 | N938: 31.471015 | O938: 0.11204139 | P938: 101.114 | Q938: 92.229 | R938: 0 | S938: 0 | T938: 434.189 | V938: =IF(Energy_data_1990___2020[[#This Row],[CO2 emissions from fuel combustion (MtCO2)]]>Energy_data_1990___2020[[#Totals],[CO2 emissions from fuel combustion (MtCO2)]],"Above Average","") | W938: =SUM(Energy_data_1990___2020[[#This Row],[Coal and lignite production (Mt)]]-Energy_data_1990___2020[[#This Row],[Coal and lignite domestic consumption (Mt)]]) -> 0
A939: Saudi Arabia | B939: 1997 | C939: Middle east | D939: 214.01151 | E939: 2.4806762 | F939: 0.26215957 | G939: 464.48402 | H939: 86.271439 | I939: 0 | J939: 12.832478 | K939: 45.275 | L939: 96.662 | M939: 32.509987 | N939: 32.509987 | O939: 0.10568069 | P939: 107.546 | Q939: 97.051 | R939: 0 | S939: 0 | T939: 428.858 | V939: =IF(Energy_data_1990___2020[[#This Row],[CO2 emissions from fuel combustion (MtCO2)]]>Energy_data_1990___2020[[#Totals],[CO2 emissions from fuel combustion (MtCO2)]],"Above Average","") | W939: =SUM(Energy_data_1990___2020[[#This Row],[Coal and lignite production (Mt)]]-Energy_data_1990___2020[[#This Row],[Coal and lignite domestic consumption (Mt)]]) -> 0
A940: Saudi Arabia | B940: 1998 | C940: Middle east | D940: 228.91476 | E940: 2.4898739 | F940: 0.27253044 | G940: 478.66129 | H940: 91.938294 | I940: 0 | J940: 13.177561 | K940: 47.981 | L940: 97.707 | M940: 34.191971 | N940: 34.191971 | O940: 0.10945552 | P940: 114.623 | Q940: 105.611 | R940: 0 | S940: 0 | T940: 441.473 | V940: =IF(Energy_data_1990___2020[[#This Row],[CO2 emissions from fuel combustion (MtCO2)]]>Energy_data_1990___2020[[#Totals],[CO2 emissions from fuel combustion (MtCO2)]],"Above Average","") | W940: =SUM(Energy_data_1990___2020[[#This Row],[Coal and lignite production (Mt)]]-Energy_data_1990___2020[[#This Row],[Coal and lignite domestic consumption (Mt)]]) -> 0
A941: Saudi Arabia | B941: 1999 | C941: Middle east | D941: 234.94537 | E941: 2.5101591 | F941: 0.29064799 | G941: 442.37697 | H941: 93.5978 | I941: 0 | J941: 13.52274 | K941: 50.382 | L941: 96.176 | M941: 34.121025 | N941: 34.121025 | O941: 0.11578867 | P941: 119.015 | Q941: 110.612 | R941: 0 | S941: 0 | T941: 405.851 | V941: =IF(Energy_data_1990___2020[[#This Row],[CO2 emissions from fuel combustion (MtCO2)]]>Energy_data_1990___2020[[#Totals],[CO2 emissions from fuel combustion (MtCO2)]],"Above Average","") | W941: =SUM(Energy_data_1990___2020[[#This Row],[Coal and lignite production (Mt)]]-Energy_data_1990___2020[[#This Row],[Coal and lignite domestic consumption (Mt)]]) -> 0
A942: Saudi Arabia | B942: 2000 | C942: Middle east | D942: 244.17253 | E942: 2.4949797 | F942: 0.28597549 | G942: 475.83444 | H942: 97.865539 | I942: 0 | J942: 13.401812 | K942: 52.343 | L942: 99.979 | M942: 37.67996 | N942: 37.67996 | O942: 0.11462037 | P942: 126.191 | Q942: 114.161 | R942: 0 | S942: 0 | T942: 435.856 | V942: =IF(Energy_data_1990___2020[[#This Row],[CO2 emissions from fuel combustion (MtCO2)]]>Energy_data_1990___2020[[#Totals],[CO2 emissions from fuel combustion (MtCO2)]],"Above Average","") | W942: =SUM(Energy_data_1990___2020[[#This Row],[Coal and lignite production (Mt)]]-Energy_data_1990___2020[[#This Row],[Coal and lignite domestic consumption (Mt)]]) -> 0
A943: Saudi Arabia | B943: 2001 | C943: Middle east | D943: 248.17286 | E943: 2.4704228 | F943: 0.29422297 | G943: 464.01352 | H943: 100.45765 | I943: 0 | J943: 14.124623 | K943: 55.427 | L943: 99.559 | M943: 39.107036 | N943: 39.107036 | O943: 0.11909823 | P943: 133.673 | Q943: 122.943 | R943: 0 | S943: 0 | T943: 423.089 | V943: =IF(Energy_data_1990___2020[[#This Row],[CO2 emissions from fuel combustion (MtCO2)]]>Energy_data_1990___2020[[#Totals],[CO2 emissions from fuel combustion (MtCO2)]],"Above Average","") | W943: =SUM(Energy_data_1990___2020[[#This Row],[Coal and lignite production (Mt)]]-Energy_data_1990___2020[[#This Row],[Coal and lignite domestic consumption (Mt)]]) -> 0
... A962: Saudi Arabia | B962: 2020 | C962: Middle east | D962: 491.77639 | E962: 2.3487026 | F962: 0.32320928 | G962: 599.08751 | H962: 209.38214 | I962: 0.20075892 | J962: 17.516537 | K962: 101.81312 | L962: 123.26122 | M962: 97.391408 | N962: 97.391408 | O962: 0.13761184 | P962: 362.82696 | Q962: 306.79973 | R962: 0 | S962: 0.20075892 | T962: 508.3182 | V962: =IF(Energy_data_1990___2020[[#This Row],[CO2 emissions from fuel combustion (MtCO2)]]>Energy_data_1990___2020[[#Totals],[CO2 emissions from fuel combustion (MtCO2)]],"Above Average","") | W962: =SUM(Energy_data_1990___2020[[#This Row],[Coal and lignite production (Mt)]]-Energy_data_1990___2020[[#This Row],[Coal and lignite domestic consumption (Mt)]]) -> 0
A963: South Africa | B963: 1990 | C963: Africa | D963: 251.94434 | E963: 2.8082463 | F963: 0.66530894 | G963: 114.53651 | H963: 89.715897 | I963: 1.7048784 | J963: 23.03476 | K963: 15.277 | L963: 13.083 | M963: 1.8419986 | N963: 1.8419986 | O963: 0.2369126 | P963: 167.226 | Q963: 140.711 | R963: 134.175 | S963: 0 | T963: 4.468 | U963: 174.8 | V963: =IF(Energy_data_1990___2020[[#This Row],[CO2 emissions from fuel combustion (MtCO2)]]>Energy_data_1990___2020[[#Totals],[CO2 emissions from fuel combustion (MtCO2)]],"Above Average","") | W963: =SUM(Energy_data_1990___2020[[#This Row],[Coal and lignite production (Mt)]]-Energy_data_1990___2020[[#This Row],[Coal and lignite domestic consumption (Mt)]]) -> 40.625
A964: South Africa | B964: 1991 | C964: Africa | D964: 247.85234 | E964: 2.6885074 | F964: 0.67613057 | G964: 116.93237 | H964: 92.189568 | I964: 2.2481523 | J964: 23.27911 | K964: 15.227 | L964: 13.223 | M964: 1.8679983 | N964: 1.8679983 | O964: 0.2514892 | P964: 168.316 | Q964: 140.172 | R964: 131.351 | S964: 0 | T964: 4.468 | U964: 178.2 | V964: =IF(Energy_data_1990___2020[[#This Row],[CO2 emissions from fuel combustion (MtCO2)]]>Energy_data_1990___2020[[#Totals],[CO2 emissions from fuel combustion (MtCO2)]],"Above Average","") | W964: =SUM(Energy_data_1990___2020[[#This Row],[Coal and lignite production (Mt)]]-Energy_data_1990___2020[[#This Row],[Coal and lignite domestic consumption (Mt)]]) -> 46.849
A965: South Africa | B965: 1992 | C965: Africa | D965: 244.93428 | E965: 2.7873849 | F965: 0.68276123 | G965: 115.04283 | H965: 87.872429 | I965: 1.2404069 | J965: 22.684627 | K965: 15.022 | L965: 12.293 | M965: 1.8819999 | N965: 1.8819999 | O965: 0.24494688 | P965: 168.09 | Q965: 140.69 | R965: 129.694 | S965: 0 | T965: 5.547 | U965: 174.4 | V965: =IF(Energy_data_1990___2020[[#This Row],[CO2 emissions from fuel combustion (MtCO2)]]>Energy_data_1990___2020[[#Totals],[CO2 emissions from fuel combustion (MtCO2)]],"Above Average","") | W965: =SUM(Energy_data_1990___2020[[#This Row],[Coal and lignite production (Mt)]]-Energy_data_1990___2020[[#This Row],[Coal and lignite domestic consumption (Mt)]]) -> 44.706
A966: South Africa | B966: 1993 | C966: Africa | D966: 252.58545 | E966: 2.696094 | F966: 0.69550983 | G966: 122.98578 | H966: 93.6857 | I966: 0.85343377 | J966: 23.484934 | K966: 14.313 | L966: 13.275 | M966: 2.0999982 | N966: 2.0999982 | O966: 0.25796943 | P966: 174.706 | Q966: 146.077 | R966: 133.679 | S966: 0 | T966: 7.114 | U966: 188.214 | V966: =IF(Energy_data_1990___2020[[#This Row],[CO2 emissions from fuel combustion (MtCO2)]]>Energy_data_1990___2020[[#Totals],[CO2 emissions from fuel combustion (MtCO2)]],"Above Average","") | W966: =SUM(Energy_data_1990___2020[[#This Row],[Coal and lignite production (Mt)]]-Energy_data_1990___2020[[#This Row],[Coal and lignite domestic consumption (Mt)]]) -> 54.535
A967: South Africa | B967: 1994 | C967: Africa | D967: 257.66237 | E967: 2.6246433 | F967: 0.68748977 | G967: 128.28395 | H967: 98.170433 | I967: 1.4260554 | J967: 23.861301 | K967: 14.97 | L967: 14.173 | M967: 2.0999982 | N967: 2.0999982 | O967: 0.26193646 | P967: 181.69 | Q967: 151.597 | R967: 135.537 | S967: 0 | T967: 7.083 | U967: 195.805 | V967: =IF(Energy_data_1990___2020[[#This Row],[CO2 emissions from fuel combustion (MtCO2)]]>Energy_data_1990___2020[[#Totals],[CO2 emissions from fuel combustion (MtCO2)]],"Above Average","") | W967: =SUM(Energy_data_1990___2020[[#This Row],[Coal and lignite production (Mt)]]-Energy_data_1990___2020[[#This Row],[Coal and lignite domestic consumption (Mt)]]) -> 60.268
A968: South Africa | B968: 1995 | C968: Africa | D968: 273.73689 | E968: 2.6436365 | F968: 0.70841854 | G968: 134.77961 | H968: 103.54559 | I968: 0.96595323 | J968: 23.276179 | K968: 16.374 | L968: 15.832 | M968: 2.0999982 | N968: 2.0999982 | O968: 0.26797124 | P968: 186.655 | Q968: 157.042 | R968: 144.346 | S968: 0 | T968: 7.524 | U968: 206.211 | V968: =IF(Energy_data_1990___2020[[#This Row],[CO2 emissions from fuel combustion (MtCO2)]]>Energy_data_1990___2020[[#Totals],[CO2 emissions from fuel combustion (MtCO2)]],"Above Average","") | W968: =SUM(Energy_data_1990___2020[[#This Row],[Coal and lignite production (Mt)]]-Energy_data_1990___2020[[#This Row],[Coal and lignite domestic consumption (Mt)]]) -> 61.865
A969: South Africa | B969: 1996 | C969: Africa | D969: 284.07903 | E969: 2.665115 | F969: 0.70487397 | G969: 134.99464 | H969: 106.59166 | I969: 1.7841916 | J969: 26.069374 | K969: 16.331 | L969: 15.266 | M969: 1.8900013 | N969: 1.8900013 | O969: 0.26448163 | P969: 201.716 | Q969: 183.18 | R969: 150.166 | S969: 0 | T969: 7.644 | U969: 206.362 | V969: =IF(Energy_data_1990___2020[[#This Row],[CO2 emissions from fuel combustion (MtCO2)]]>Energy_data_1990___2020[[#Totals],[CO2 emissions from fuel combustion (MtCO2)]],"Above Average","") | W969: =SUM(Energy_data_1990___2020[[#This Row],[Coal and lignite production (Mt)]]-Energy_data_1990___2020[[#This Row],[Coal and lignite domestic consumption (Mt)]]) -> 56.196
A970: South Africa | B970: 1997 | C970: Africa | D970: 298.93476 | E970: 2.7508065 | F970: 0.72293848 | G970: 143.36496 | H970: 108.67168 | I970: 2.303648 | J970: 26.373237 | K970: 16.836 | L970: 21.09 | M970: 1.6869999 | N970: 1.6869999 | O970: 0.26280964 | P970: 210.362 | Q970: 190.871 | R970: 156.18 | S970: 0 | T970: 8.047 | U970: 220.073 | V970: =IF(Energy_data_1990___2020[[#This Row],[CO2 emissions from fuel combustion (MtCO2)]]>Energy_data_1990___2020[[#Totals],[CO2 emissions from fuel combustion (MtCO2)]],"Above Average","") | W970: =SUM(Energy_data_1990___2020[[#This Row],[Coal and lignite production (Mt)]]-Energy_data_1990___2020[[#This Row],[Coal and lignite domestic consumption (Mt)]]) -> 63.893
A971: South Africa | B971: 1998 | C971: Africa | D971: 306.60155 | E971: 2.7681466 | F971: 0.73779074 | G971: 144.99318 | H971: 110.76059 | I971: 2.0674477 | J971: 25.68623 | K971: 16.699 | L971: 15.887 | M971: 1.4210016 | N971: 1.4210016 | O971: 0.26652878 | P971: 205.374 | Q971: 185.539 | R971: 159.132 | S971: 0 | T971: 7.828 | U971: 222.977 | V971: =IF(Energy_data_1990___2020[[#This Row],[CO2 emissions from fuel combustion (MtCO2)]]>Energy_data_1990___2020[[#Totals],[CO2 emissions from fuel combustion (MtCO2)]],"Above Average","") | W971: =SUM(Energy_data_1990___2020[[#This Row],[Coal and lignite production (Mt)]]-Energy_data_1990___2020[[#This Row],[Coal and lignite domestic consumption (Mt)]]) -> 63.845
A972: South Africa | B972: 1999 | C972: Africa | D972: 289.73933 | E972: 2.6575612 | F972: 0.68087339 | G972: 144.7621 | H972: 109.02452 | I972: 1.7304396 | J972: 26.174061 | K972: 16.736 | L972: 17.431 | M972: 1.8589985 | N972: 1.8589985 | O972: 0.25620234 | P972: 203.012 | Q972: 182.937 | R972: 151.925 | S972: 0 | T972: 8.112 | U972: 223.514 | V972: =IF(Energy_data_1990___2020[[#This Row],[CO2 emissions from fuel combustion (MtCO2)]]>Energy_data_1990___2020[[#Totals],[CO2 emissions from fuel combustion (MtCO2)]],"Above Average","") | W972: =SUM(Energy_data_1990___2020[[#This Row],[Coal and lignite production (Mt)]]-Energy_data_1990___2020[[#This Row],[Coal and lignite domestic consumption (Mt)]]) -> 71.589
A973: South Africa | B973: 2000 | C973: Africa | D973: 296.1057 | E973: 2.7127779 | F973: 0.66778698 | G973: 143.62764 | H973: 109.15221 | I973: 2.0131011 | J973: 27.651459 | K973: 16.317 | L973: 17.214 | M973: 1.7110003 | N973: 1.7110003 | O973: 0.24616353 | P973: 210.67 | Q973: 190.231 | R973: 157.275 | S973: 0 | T973: 8.912 | U973: 224.2 | V973: =IF(Energy_data_1990___2020[[#This Row],[CO2 emissions from fuel combustion (MtCO2)]]>Energy_data_1990___2020[[#Totals],[CO2 emissions from fuel combustion (MtCO2)]],"Above Average","") | W973: =SUM(Energy_data_1990___2020[[#This Row],[Coal and lignite production (Mt)]]-Energy_data_1990___2020[[#This Row],[Coal and lignite domestic consumption (Mt)]]) -> 66.925
A974: South Africa | B974: 2001 | C974: Africa | D974: 330.7004 | E974: 3.1354541 | F974: 0.72619872 | G974: 142.3204 | H974: 105.47129 | I974: 2.0080914 | J974: 27.242583 | K974: 16.758 | L974: 21.131 | M974: 2.223 | N974: 2.223 | O974: 0.23160879 | P974: 210.1 | Q974: 181.286 | R974: 155.685 | S974: 0 | T974: 5.389 | U974: 223.56 | V974: =IF(Energy_data_1990___2020[[#This Row],[CO2 emissions from fuel combustion (MtCO2)]]>Energy_data_1990___2020[[#Totals],[CO2 emissions from fuel combustion (MtCO2)]],"Above Average","") | W974: =SUM(Energy_data_1990___2020[[#This Row],[Coal and lignite production (Mt)]]-Energy_data_1990___2020[[#This Row],[Coal and lignite domestic consumption (Mt)]]) -> 67.875
... A1055: Spain | B1055: 2020 | C1055: Europe | D1055: 191.12717 | E1055: 1.7881917 | F1055: 0.1196934 | G1055: 33.746361 | H1055: 106.88293 | I1055: 43.915443 | J1055: 25.310211 | K1055: 41.060944 | L1055: 56.005889 | M1055: 0.05224639 | N1055: 31.821166 | O1055: 0.066935439 | P1055: 264.12265 | Q1055: 227.84931 | R1055: 3.8268589 | S1055: 29.11508 | T1055: 0.027538849 | U1055: 2.401 | V1055: =IF(Energy_data_1990___2020[[#This Row],[CO2 emissions from fuel combustion (MtCO2)]]>Energy_data_1990___2020[[#Totals],[CO2 emissions from fuel combustion (MtCO2)]],"Above Average","") | W1055: =SUM(Energy_data_1990___2020[[#This Row],[Coal and lignite production (Mt)]]-Energy_data_1990___2020[[#This Row],[Coal and lignite domestic consumption (Mt)]]) -> -1.4258589
A1056: Sweden | B1056: 1990 | C1056: Europe | D1056: 52.57904 | E1056: 1.1139784 | F1056: 0.18792021 | G1056: 29.685656 | H1056: 47.199334 | I1056: 51.177362 | J1056: 31.718375 | K1056: 14.669 | L1056: 18.044 | N1056: 0.61599935 | O1056: 0.16869286 | P1056: 146.514 | Q1056: 130.737 | R1056: 4.878 | S1056: 0.004095172 | T1056: 0 | U1056: 0.592 | V1056: =IF(Energy_data_1990___2020[[#This Row],[CO2 emissions from fuel combustion (MtCO2)]]>Energy_data_1990___2020[[#Totals],[CO2 emissions from fuel combustion (MtCO2)]],"Above Average","") | W1056: =SUM(Energy_data_1990___2020[[#This Row],[Coal and lignite production (Mt)]]-Energy_data_1990___2020[[#This Row],[Coal and lignite domestic consumption (Mt)]]) -> -4.286
A1057: Sweden | B1057: 1991 | C1057: Europe | D1057: 52.796833 | E1057: 1.0843125 | F1057: 0.19088612 | G1057: 31.428773 | H1057: 48.691528 | I1057: 44.461858 | J1057: 32.037442 | K1057: 14.643 | L1057: 17.96 | N1057: 0.63899944 | O1057: 0.17604345 | P1057: 147.396 | Q1057: 132.335 | R1057: 4.906 | S1057: 0.008819778 | T1057: 0 | U1057: 0.746 | V1057: =IF(Energy_data_1990___2020[[#This Row],[CO2 emissions from fuel combustion (MtCO2)]]>Energy_data_1990___2020[[#Totals],[CO2 emissions from fuel combustion (MtCO2)]],"Above Average","") | W1057: =SUM(Energy_data_1990___2020[[#This Row],[Coal and lignite production (Mt)]]-Energy_data_1990___2020[[#This Row],[Coal and lignite domestic consumption (Mt)]]) -> -4.16
A1058: Sweden | B1058: 1992 | C1058: Europe | D1058: 53.298564 | E1058: 1.1456214 | F1058: 0.19495889 | G1058: 29.458867 | H1058: 46.523716 | I1058: 52.505377 | J1058: 29.835033 | K1058: 15.844 | L1058: 20.703 | N1058: 0.72300075 | O1058: 0.17017742 | P1058: 146.465 | Q1058: 130.053 | R1058: 4.577 | S1058: 0.021165466 | T1058: 0 | U1058: 0.746 | V1058: =IF(Energy_data_1990___2020[[#This Row],[CO2 emissions from fuel combustion (MtCO2)]]>Energy_data_1990___2020[[#Totals],[CO2 emissions from fuel combustion (MtCO2)]],"Above Average","") | W1058: =SUM(Energy_data_1990___2020[[#This Row],[Coal and lignite production (Mt)]]-Energy_data_1990___2020[[#This Row],[Coal and lignite domestic consumption (Mt)]]) -> -3.831
A1059: Sweden | B1059: 1993 | C1059: Europe | D1059: 52.518562 | E1059: 1.1299198 | F1059: 0.19615762 | G1059: 29.301338 | H1059: 46.479902 | I1059: 53.10674 | J1059: 30.051042 | K1059: 15.524 | L1059: 21.431 | N1059: 0.8049998 | O1059: 0.17360313 | P1059: 145.812 | Q1059: 130.598 | R1059: 4.654 | S1059: 0.033604916 | T1059: 0 | U1059: 0.718 | V1059: =IF(Energy_data_1990___2020[[#This Row],[CO2 emissions from fuel combustion (MtCO2)]]>Energy_data_1990___2020[[#Totals],[CO2 emissions from fuel combustion (MtCO2)]],"Above Average","") | W1059: =SUM(Energy_data_1990___2020[[#This Row],[Coal and lignite production (Mt)]]-Energy_data_1990___2020[[#This Row],[Coal and lignite domestic consumption (Mt)]]) -> -3.936
A1060: Sweden | B1060: 1994 | C1060: Europe | D1060: 55.322824 | E1060: 1.1130778 | F1060: 0.19873769 | G1060: 31.2424 | H1060: 49.702566 | I1060: 43.169315 | J1060: 29.606838 | K1060: 16.555 | L1060: 20.441 | N1060: 0.80700013 | O1060: 0.17854788 | P1060: 143.053 | Q1060: 129.613 | R1060: 4.694 | S1060: 0.051030038 | T1060: 0 | U1060: 0.686 | V1060: =IF(Energy_data_1990___2020[[#This Row],[CO2 emissions from fuel combustion (MtCO2)]]>Energy_data_1990___2020[[#Totals],[CO2 emissions from fuel combustion (MtCO2)]],"Above Average","") | W1060: =SUM(Energy_data_1990___2020[[#This Row],[Coal and lignite production (Mt)]]-Energy_data_1990___2020[[#This Row],[Coal and lignite domestic consumption (Mt)]]) -> -4.008
A1061: Sweden | B1061: 1995 | C1061: Europe | D1061: 55.066838 | E1061: 1.0945436 | F1061: 0.19021259 | G1061: 31.822715 | H1061: 50.310321 | I1061: 47.599275 | J1061: 29.473152 | K1061: 16.448 | L1061: 20.504 | N1061: 0.79599924 | O1061: 0.17378256 | P1061: 148.351 | Q1061: 132.389 | R1061: 4.734 | S1061: 0.067407702 | T1061: 0 | U1061: 0.752 | V1061: =IF(Energy_data_1990___2020[[#This Row],[CO2 emissions from fuel combustion (MtCO2)]]>Energy_data_1990___2020[[#Totals],[CO2 emissions from fuel combustion (MtCO2)]],"Above Average","") | W1061: =SUM(Energy_data_1990___2020[[#This Row],[Coal and lignite production (Mt)]]-Energy_data_1990___2020[[#This Row],[Coal and lignite domestic consumption (Mt)]]) -> -3.982
A1062: Sweden | B1062: 1996 | C1062: Europe | D1062: 60.497867 | E1062: 1.1752661 | F1062: 0.2056515 | G1062: 31.957378 | H1062: 51.475889 | I1062: 38.416914 | J1062: 28.96789 | K1062: 17.763 | L1062: 21.7 | N1062: 0.81600078 | O1062: 0.17498293 | P1062: 140.662 | Q1062: 132.299 | R1062: 5.173 | S1062: 0.10308399 | T1062: 0 | U1062: 0.718 | V1062: =IF(Energy_data_1990___2020[[#This Row],[CO2 emissions from fuel combustion (MtCO2)]]>Energy_data_1990___2020[[#Totals],[CO2 emissions from fuel combustion (MtCO2)]],"Above Average","") | W1062: =SUM(Energy_data_1990___2020[[#This Row],[Coal and lignite production (Mt)]]-Energy_data_1990___2020[[#This Row],[Coal and lignite domestic consumption (Mt)]]) -> -4.455
A1063: Sweden | B1063: 1997 | C1063: Europe | D1063: 55.068341 | E1063: 1.0973113 | F1063: 0.18156779 | G1063: 32.451661 | H1063: 50.184795 | I1063: 48.292451 | J1063: 29.328632 | K1063: 16.462 | L1063: 22.718 | N1063: 0.85499906 | O1063: 0.16546608 | P1063: 149.249 | Q1063: 132.04 | R1063: 4.412 | S1063: 0.13668433 | T1063: 0 | U1063: 0.645 | V1063: =IF(Energy_data_1990___2020[[#This Row],[CO2 emissions from fuel combustion (MtCO2)]]>Energy_data_1990___2020[[#Totals],[CO2 emissions from fuel combustion (MtCO2)]],"Above Average","") | W1063: =SUM(Energy_data_1990___2020[[#This Row],[Coal and lignite production (Mt)]]-Energy_data_1990___2020[[#This Row],[Coal and lignite domestic consumption (Mt)]]) -> -3.767
...

Sheet QUESTION 3
A1: TOTAL(3.1) | C1: AVERAGE(3.2)
A2: =SUM('Energy data 1990 - 2020'!D2:E2) -> 55.369776 | C2: =AVERAGE('Energy data 1990 - 2020'!H2) -> 22.188078
A3: =SUM('Energy data 1990 - 2020'!D3:E3) -> 59.584997 | C3: =AVERAGE('Energy data 1990 - 2020'!H3) -> 23.469959
A4: =SUM('Energy data 1990 - 2020'!D4:E4) -> 59.645947 | C4: =AVERAGE('Energy data 1990 - 2020'!H4) -> 24.024343
A5: =SUM('Energy data 1990 - 2020'!D5:E5) -> 61.654037 | C5: =AVERAGE('Energy data 1990 - 2020'!H5) -> 24.110238
A6: =SUM('Energy data 1990 - 2020'!D6:E6) -> 58.772576 | C6: =AVERAGE('Energy data 1990 - 2020'!H6) -> 23.239627
A7: =SUM('Energy data 1990 - 2020'!D7:E7) -> 59.172496 | C7: =AVERAGE('Energy data 1990 - 2020'!H7) -> 24.247643
A8: =SUM('Energy data 1990 - 2020'!D8:E8) -> 58.55798 | C8: =AVERAGE('Energy data 1990 - 2020'!H8) -> 23.478104
A9: =SUM('Energy data 1990 - 2020'!D9:E9) -> 60.488538 | C9: =AVERAGE('Energy data 1990 - 2020'!H9) -> 24.058809
A10: =SUM('Energy data 1990 - 2020'!D10:E10) -> 61.88387 | C10: =AVERAGE('Energy data 1990 - 2020'!H10) -> 24.898894
A11: =SUM('Energy data 1990 - 2020'!D11:E11) -> 65.62663 | C11: =AVERAGE('Energy data 1990 - 2020'!H11) -> 26.579256
A12: =SUM('Energy data 1990 - 2020'!D12:E12) -> 66.608779 | C12: =AVERAGE('Energy data 1990 - 2020'!H12) -> 26.998921
A13: =SUM('Energy data 1990 - 2020'!D13:E13) -> 68.171693 | C13: =AVERAGE('Energy data 1990 - 2020'!H13) -> 27.053777
... A1365: =SUM('Energy data 1990 - 2020'!D1365:E1365) -> 87.964834 | C1365: =AVERAGE('Energy data 1990 - 2020'!H1365) -> 29.161319

Sheet QUESTION 5
A1: Row Labels | B1: Sum of CO2 emissions from fuel combustion (MtCO2) | C1: Sum of Year
A2: Africa | B2: 12934.148 | C2: 124310
A3: Arab States | B3: 2763.7766 | C3: 62155
A4: Asia & Pacific | B4: 316952.74 | C4: 745860
A5: Europe | B5: 169400.86 | C5: 994480
A6: Middle east | B6: 33825.903 | C6: 310775
A7: North America | B7: 180453.39 | C7: 124310
A8: South/Latin America | B8: 34380.915 | C8: 372930
A9: Grand Total | B9: 750711.74 | C9: 2734820

Sheet Coordinates
A1: Code | B1: Country | C1: latitude | D1: longitude | F1: Lookups
A2: AD | B2: Andorra | C2: 42.546245 | D2: 1.601554 | F2: =SUM(VLOOKUP(C2,A1:D245,3,FALSE),VLOOKUP(D2,A1:D245,4,FALSE)) -> #N/A
A3: AE | B3: United Arab Emirates | C3: 23.424076 | D3: 53.847818 | F3: =SUM(VLOOKUP(C3,A2:D246,3,FALSE),VLOOKUP(D3,A2:D246,4,FALSE)) -> #N/A
A4: AF | B4: Afghanistan | C4: 33.93911 | D4: 67.709953 | F4: =SUM(VLOOKUP(C4,A3:D247,3,FALSE),VLOOKUP(D4,A3:D247,4,FALSE)) -> #N/A
A5: AG | B5: Antigua and Barbuda | C5: 17.060816 | D5: -61.796428 | F5: =SUM(VLOOKUP(C5,A4:D248,3,FALSE),VLOOKUP(D5,A4:D248,4,FALSE)) -> #N/A
A6: AI | B6: Anguilla | C6: 18.220554 | D6: -63.068615 | F6: =SUM(VLOOKUP(C6,A5:D249,3,FALSE),VLOOKUP(D6,A5:D249,4,FALSE)) -> #N/A
A7: AL | B7: Albania | C7: 41.153332 | D7: 20.168331 | F7: =SUM(VLOOKUP(C7,A6:D250,3,FALSE),VLOOKUP(D7,A6:D250,4,FALSE)) -> #N/A
A8: AM | B8: Armenia | C8: 40.069099 | D8: 45.038189 | F8: =SUM(VLOOKUP(C8,A7:D251,3,FALSE),VLOOKUP(D8,A7:D251,4,FALSE)) -> #N/A
A9: AN | B9: Netherlands Antilles | C9: 12.226079 | D9: -69.060087 | F9: =SUM(VLOOKUP(C9,A8:D252,3,FALSE),VLOOKUP(D9,A8:D252,4,FALSE)) -> #N/A
A10: AO | B10: Angola | C10: -11.202692 | D10: 17.873887 | F10: =SUM(VLOOKUP(C10,A9:D253,3,FALSE),VLOOKUP(D10,A9:D253,4,FALSE)) -> #N/A
A11: AQ | B11: Antarctica | C11: -75.250973 | D11: -0.071389 | F11: =SUM(VLOOKUP(C11,A10:D254,3,FALSE),VLOOKUP(D11,A10:D254,4,FALSE)) -> #N/A
A12: AR | B12: Argentina | C12: -38.416097 | D12: -63.616672 | F12: =SUM(VLOOKUP(C12,A11:D255,3,FALSE),VLOOKUP(D12,A11:D255,4,FALSE)) -> #N/A
A13: AS | B13: American Samoa | C13: -14.270972 | D13: -170.13222 | F13: =SUM(VLOOKUP(C13,A12:D256,3,FALSE),VLOOKUP(D13,A12:D256,4,FALSE)) -> #N/A
... A245: ZW | B245: Zimbabwe | C245: -19.015438 | D245: 29.154857 | F245: =SUM(VLOOKUP(C245,A244:D488,3,FALSE),VLOOKUP(D245,A244:D488,4,FALSE)) -> #N/A

Sheet QUESTION 7
A1: country | B1: Year | C1: Region | D1: CO2 emissions from fuel combustion (MtCO2) | E1: Average CO2 emission factor (tCO2/toe) | F1: CO2 intensity at constant purchasing power parities (kCO2/$15p) | G1: Total energy production (Mtoe) | H1: Total energy consumption (Mtoe) | I1: Share of renewables in electricity production (%) | J1: Share of electricity in total final energy consumption (%) | K1: Oil products domestic consumption (Mt) | L1: Refined oil products production (Mt) | M1: Natural gas production (bcm) | N1: Natural gas domestic consumption (bcm) | O1: Energy intensity of GDP at constant purchasing power parities (koe/$15p) | P1: Electricity production (TWh) | Q1: Electricity domestic consumption (TWh) | R1: Coal and lignite domestic consumption (Mt) | S1: Share of wind and solar in electricity production (%) | T1: Crude oil production (Mt) | U1: Coal and lignite production (Mt) | V1: AVERAGE(4.1) | W1: SURPLUS(4.2)
A2: Algeria | B2: 1990 | C2: Arab States | D2: 52.981921 | E2: 2.3878553 | F2: 0.22888934 | G2: 100.11275 | H2: 22.188078 | I2: 0.78297181 | J2: 8.3765921 | K2: 8.08 | L2: 25.395 | M2: 45.684035 | N2: 14.301991 | O2: 0.095855614 | P2: 17.242 | Q2: 13.693 | R2: 0.94 | S2: 0 | T2: 57.85 | U2: 0 | V2: =IF(#REF!>#REF!,"Above Average","") | W2: =SUM(#REF!-#REF!) -> -0.94
A3: Argentina | B3: 1990 | C3: South/Latin America | D3: 93.453461 | E3: 2.129761 | F3: 0.24215048 | G3: 47.107338 | H3: 43.879788 | I3: 35.819579 | J3: 11.628868 | K3: 18.37 | L3: 23.586 | M3: 18.628006 | N3: 20.570994 | O3: 0.11369843 | P3: 51.014 | Q3: 40.464 | R3: 1.3040155 | S3: 0 | T3: 26.319 | U3: 0.274 | V3: =IF(#REF!>#REF!,"Above Average","") | W3: =SUM(#REF!-#REF!) -> -1.0300155
A4: Australia | B4: 1990 | C4: Asia & Pacific | D4: 261.38502 | E4: 3.034218 | F4: 0.5076514 | G4: 157.52584 | H4: 86.145761 | I4: 10.082635 | J4: 19.270761 | K4: 31.086 | L4: 32.782 | M4: 20.475013 | N4: 17.683994 | O4: 0.16730881 | P4: 155.019 | Q4: 134.339 | R4: 94.1 | S4: 0 | T4: 27.493 | U4: 204.562 | V4: =IF(#REF!>#REF!,"Above Average","") | W4: =SUM(#REF!-#REF!) -> 110.462
A5: Belgium | B5: 1990 | C5: Europe | D5: 106.44542 | E5: 2.2227658 | F5: 0.32184878 | G5: 13.10412 | H5: 47.888723 | I5: 1.6722361 | J5: 14.702905 | K5: 17.597 | L5: 29.37 | M5: 0.012 | N5: 9.6082977 | O5: 0.14479653 | P5: 70.923 | Q5: 59.108 | R5: 16.620146 | S5: 0.009869859 | T5: 0 | U5: 0 | V5: =IF(#REF!>#REF!,"Above Average","") | W5: =SUM(#REF!-#REF!) -> -16.620146
A6: Brazil | B6: 1990 | C6: South/Latin America | D6: 193.76575 | E6: 1.3773719 | F6: 0.12628652 | G6: 104.59321 | H6: 140.67788 | I6: 94.500518 | J6: 15.867493 | K6: 57.32 | L6: 61.121 | M6: 3.9289981 | N6: 3.9719978 | O6: 0.091686578 | P6: 222.821 | Q6: 215.795 | R6: 15.374 | S6: 0 | T6: 32.724 | U6: 4.595 | V6: =IF(#REF!>#REF!,"Above Average","") | W6: =SUM(#REF!-#REF!) -> -10.779
A7: Canada | B7: 1990 | C7: North America | D7: 429.73181 | E7: 1.4397303 | F7: 0.36726676 | G7: 276.26049 | H7: 211.06461 | I7: 62.38738 | J7: 22.715224 | K7: 76.727 | L7: 84.929 | M7: 109.07091 | N7: 67.318932 | O7: 0.25509413 | P7: 482.152 | Q7: 441.314 | R7: 49.373 | S7: 0.00539249 | T7: 91.61 | U7: 68.332 | V7: =IF(#REF!>#REF!,"Above Average","") -> Above Average | W7: =SUM(#REF!-#REF!) -> 18.959
A8: Chile | B8: 1990 | C8: South/Latin America | D8: 30.95435 | E8: 2.209364 | F8: 0.25502996 | G8: 7.9288174 | H8: 14.010525 | I8: 53.837361 | J8: 11.837734 | K8: 6.214 | L8: 6.345 | M8: 1.6790012 | N8: 1.3600004 | O8: 0.11543139 | P8: 18.372 | Q8: 15.811 | R8: 3.7413297 | S8: 0 | T8: 1.102 | U8: 2.183 | V8: =IF(#REF!>#REF!,"Above Average","") | W8: =SUM(#REF!-#REF!) -> -1.5583297
A9: China | B9: 1990 | C9: Asia & Pacific | D9: 2255.3939 | E9: 2.5800499 | F9: 1.3670783 | G9: 880.92627 | H9: 874.16677 | I9: 20.40794 | J9: 5.5818279 | K9: 142.885 | L9: 146.419 | M9: 15.299992 | N9: 15.870011 | O9: 0.52986506 | P9: 621.268 | Q9: 507.054 | R9: 1004.809 | S9: 0.010945357 | T9: 138.306 | U9: 1039.82 | V9: =IF(#REF!>#REF!,"Above Average","") -> Above Average | W9: =SUM(#REF!-#REF!) -> 35.01102
A10: Colombia | B10: 1990 | C10: South/Latin America | D10: 46.10629 | E10: 1.9032818 | F10: 0.17007186 | G10: 48.181292 | H10: 24.224626 | I10: 76.38419 | J10: 12.120017 | K10: 8.112 | L10: 11.101 | M10: 4.5370049 | N10: 4.3260038 | O10: 0.089357162 | P10: 36.357 | Q10: 26.866 | R10: 5.055 | S10: 0 | T10: 22.824 | U10: 21.375 | V10: =IF(#REF!>#REF!,"Above Average","") | W10: =SUM(#REF!-#REF!) -> 16.32
A11: Czechia | B11: 1990 | C11: Europe | D11: 147.40094 | E11: 2.9602859 | F11: 0.64715123 | G11: 41.166023 | H11: 49.792804 | I11: 2.3162135 | J11: 12.079406 | K11: 8.817 | L11: 7.948 | M11: 0.26200003 | N11: 6.5729948 | O11: 0.21861106 | P11: 62.559 | Q11: 53.037 | R11: 84.788 | S11: 0 | T11: 0.22 | U11: 101.398 | V11: =IF(#REF!>#REF!,"Above Average","") | W11: =SUM(#REF!-#REF!) -> 16.61
A12: Egypt | B12: 1990 | C12: Middle east | D12: 78.403283 | E12: 2.3718349 | F12: 0.2136314 | G12: 55.672725 | H12: 33.055962 | I12: 23.504354 | J12: 13.144622 | K12: 20.523 | L12: 24.045 | M12: 8.242 | N12: 8.2420064 | O12: 0.090070096 | P12: 42.256 | Q12: 36.202 | R12: 1.199 | S12: 0 | T12: 45.499 | U12: 0 | V12: =IF(#REF!>#REF!,"Above Average","") | W12: =SUM(#REF!-#REF!) -> -1.199
A13: France | B13: 1990 | C13: Europe | D13: 365.43101 | E13: 1.6265241 | F13: 0.19733883 | G13: 111.90219 | H13: 224.66991 | I13: 14.101214 | J13: 17.979951 | K13: 80.46 | L13: 78.478 | M13: 2.8570034 | N13: 28.231983 | O13: 0.12132549 | P13: 420.751 | Q13: 323.252 | R13: 31.208986 | S13: 0.11954814 | T13: 3.47 | U13: 0 | V13: =IF(#REF!>#REF!,"Above Average","") | W13: =SUM(#REF!-#REF!) -> -31.208986
... A20: Kazakhstan | B20: 1990 | C20: Asia & Pacific | D20: 236.28234 | E20: 3.2168031 | F20: 1.0265633 | G20: 90.977383 | H20: 73.452536 | I20: 8.4299431 | J20: 13.92139 | K20: 19.167 | L20: 18.303 | M20: 7.1140053 | N20: 13.182985 | O20: 0.31912532 | P20: 87.379 | Q20: 96.535 | R20: 90.361 | S20: 0 | T20: 25.82 | U20: 131.443 | V20: =IF(#REF!>#REF!,"Above Average","") | W20: =SUM(#REF!-#REF!) -> 41.082
A21: Kuwait | B21: 1990 | C21: Middle east | D21: 27.83656 | E21: 3.080057 | F21: 0.52351034 | G21: 50.373797 | H21: 9.0376769 | I21: 0 | J21: 20.888641 | K21: 3.8 | L21: 13.274 | M21: 4.0280029 | N21: 6.0279931 | O21: 0.16996775 | P21: 18.477 | Q21: 14.272 | S21: 0 | T21: 46.337 | V21: =IF(#REF!>#REF!,"Above Average","") | W21: =SUM(#REF!-#REF!) -> 0
A22: Malaysia | B22: 1990 | C22: Asia & Pacific | D22: 50.73806 | E22: 2.3919224 | F22: 0.27290635 | G22: 47.749219 | H22: 21.212252 | I22: 17.331422 | J22: 12.797935 | K22: 12.077 | L22: 10.086 | M22: 18.356009 | N22: 8.1840046 | O22: 0.11409499 | P22: 23.016 | Q22: 19.945 | R22: 2.104 | S22: 0 | T22: 30.029 | U22: 0.111 | V22: =IF(#REF!>#REF!,"Above Average","") | W22: =SUM(#REF!-#REF!) -> -1.993
A23: Mexico | B23: 1990 | C23: South/Latin America | D23: 264.6537 | E23: 2.1397182 | F23: 0.22214228 | G23: 195.53812 | H23: 123.68624 | I23: 24.693319 | J23: 10.231723 | K23: 68.6 | L23: 72.169 | M23: 25.57899 | N23: 25.996023 | O23: 0.10381847 | P23: 115.837 | Q23: 100.194 | R23: 7.496 | S23: 4.4251837 | T23: 150.776 | U23: 6.933 | V23: =IF(#REF!>#REF!,"Above Average","") | W23: =SUM(#REF!-#REF!) -> -0.563
A24: Netherlands | B24: 1990 | C24: Europe | D24: 163.33853 | E24: 2.4555345 | F24: 0.31553527 | G24: 60.561183 | H24: 66.518524 | I24: 1.1199422 | J24: 11.217871 | K24: 21.439 | L24: 49.08 | M24: 76.087075 | N24: 44.164947 | O24: 0.12849963 | P24: 71.968 | Q24: 74.074 | R24: 12.528968 | S24: 0.31958648 | T24: 4.076 | U24: 0 | V24: =IF(#REF!>#REF!,"Above Average","") | W24: =SUM(#REF!-#REF!) -> -12.528968
A25: New Zealand | B25: 1990 | C25: Asia & Pacific | D25: 21.620523 | E25: 1.5853812 | F25: 0.25355904 | G25: 12.331681 | H25: 13.637429 | I25: 80.008678 | J25: 24.512203 | K25: 4.149 | L25: 4.863 | M25: 4.9100034 | N25: 4.8880007 | O25: 0.15993569 | P25: 32.264 | Q25: 28.871 | R25: 2.3221237 | S25: 6.8125465 | T25: 2.541 | U25: 2.578 | V25: =IF(#REF!>#REF!,"Above Average","") | W25: =SUM(#REF!-#REF!) -> 0.25587628
A26: Nigeria | B26: 1990 | C26: Africa | D26: 28.320678 | E26: 0.42630721 | F26: 0.092771676 | G26: 146.30308 | H26: 66.432558 | I26: 32.585605 | J26: 1.1411292 | K26: 7.086 | L26: 12.849 | M26: 4 | N26: 4 | O26: 0.21761695 | P26: 13.463 | Q26: 7.871 | R26: 0.075 | S26: 0 | T26: 88.322 | U26: 0.09 | V26: =IF(#REF!>#REF!,"Above Average","") | W26: =SUM(#REF!-#REF!) -> 0.015
A27: Norway | B27: 1990 | C27: Europe | D27: 27.879812 | E27: 1.32301 | F27: 0.16271897 | G27: 119.48311 | H27: 21.073017 | I27: 99.792364 | J27: 47.587183 | K27: 8.05 | L27: 13.767 | M27: 27.641981 | N27: 2.2619976 | O27: 0.12299149 | P27: 121.848 | Q27: 97.698 | R27: 1.277 | S27: 0.053345151 | T27: 82.088 | U27: 0.303 | V27: =IF(#REF!>#REF!,"Above Average","") | W27: =SUM(#REF!-#REF!) -> -0.974
A28: Poland | B28: 1990 | C28: Europe | D28: 355.72662 | E28: 3.4499982 | F28: 0.85589651 | G28: 103.87946 | H28: 103.10922 | I28: 2.4708204 | J28: 12.970721 | K28: 12.885 | L28: 12.812 | M28: 4.0949962 | N28: 12.096014 | O28: 0.24808607 | P28: 136.311 | Q28: 109.195 | R28: 183.63868 | S28: 0 | T28: 0.178 | U28: 215.32 | V28: =IF(#REF!>#REF!,"Above Average","") | W28: =SUM(#REF!-#REF!) -> 31.681319
A29: Portugal | B29: 1990 | C29: Europe | D29: 39.787808 | E29: 2.3710201 | F29: 0.17745326 | G29: 3.392967 | H29: 16.780881 | I29: 35.079471 | J29: 15.046364 | K29: 10.94 | L29: 11.428 | N29: 0 | O29: 0.074842579 | P29: 28.501 | Q29: 23.95 | R29: 4.399 | S29: 0.021051893 | T29: 0 | U29: 0 | V29: =IF(#REF!>#REF!,"Above Average","") | W29: =SUM(#REF!-#REF!) -> -4.399
A30: Romania | B30: 1990 | C30: Europe | D30: 163.01396 | E30: 2.6300111 | F30: 0.58643184 | G30: 40.456423 | H30: 61.982235 | I30: 17.744017 | J30: 10.487675 | K30: 17.032 | L30: 22.618 | M30: 28.336014 | N30: 35.667968 | O30: 0.22297695 | P30: 64.309 | Q30: 60.216 | R30: 46.953 | S30: 0 | T30: 7.929 | U30: 38.183 | V30: =IF(#REF!>#REF!,"Above Average","") | W30: =SUM(#REF!-#REF!) -> -8.77
A31: Russia | B31: 1990 | C31: Europe | D31: 2189.0862 | E31: 2.4909406 | F31: 0.72400579 | G31: 1292.7684 | H31: 878.81909 | I31: 15.338141 | J31: 11.266253 | K31: 213.74 | L31: 267.723 | M31: 628.89239 | N31: 471.54946 | O31: 0.29065558 | P31: 1082.152 | Q31: 917.409 | R31: 388.194 | S31: 0.002587437 | T31: 523.679 | U31: 376.613 | V31: =IF(#REF!>#REF!,"Above Average","") -> Above Average | W31: =SUM(#REF!-#REF!) -> -11.581
A32: Saudi Arabia | B32: 1990 | C32: Middle east | D32: 155.69988 | E32: 2.6840298 | F32: 0.23527478 | G32: 368.44259 | H32: 58.009743 | I32: 0 | J32: 11.963677 | K32: 34.342 | L32: 89.818 | M32: 23.855972 | N32: 23.855972 | O32: 0.087657289 | P32: 69.208 | Q32: 63.633 | R32: 0 | S32: 0 | T32: 341.817 | V32: =IF(#REF!>#REF!,"Above Average","") | W32: =SUM(#REF!-#REF!) -> 0
A33: South Africa | B33: 1990 | C33: Africa | D33: 251.94434 | E33: 2.8082463 | F33: 0.66530894 | G33: 114.53651 | H33: 89.715897 | I33: 1.7048784 | J33: 23.03476 | K33: 15.277 | L33: 13.083 | M33: 1.8419986 | N33: 1.8419986 | O33: 0.2369126 | P33: 167.226 | Q33: 140.711 | R33: 134.175 | S33: 0 | T33: 4.468 | U33: 174.8 | V33: =IF(#REF!>#REF!,"Above Average","") | W33: =SUM(#REF!-#REF!) -> 40.625
A34: South Korea | B34: 1990 | C34: Asia & Pacific | D34: 243.49722 | E34: 2.5913267 | F34: 0.46666676 | G34: 23.675366 | H34: 93.966238 | I34: 6.0377144 | J34: 11.589678 | K34: 48.315 | L34: 42.365 | M34: 0 | N34: 3.0419989 | O34: 0.18008797 | P34: 105.371 | Q34: 94.384 | R34: 44.776 | S34: 0.000949028 | T34: 0 | U34: 17.217 | V34: =IF(#REF!>#REF!,"Above Average","") | W34: =SUM(#REF!-#REF!) -> -27.559
A35: Spain | B35: 1990 | C35: Europe | D35: 205.49384 | E35: 2.280856 | F35: 0.20550057 | G35: 34.612671 | H35: 90.09505 | I35: 17.606946 | J35: 17.554089 | K35: 43.5 | L35: 53.084 | M35: 1.4709988 | N35: 5.7419997 | O35: 0.090098001 | P35: 151.923 | Q35: 129.161 | R35: 47.563 | S35: 0.015139248 | T35: 1.144 | U35: 0 | V35: =IF(#REF!>#REF!,"Above Average","") | W35: =SUM(#REF!-#REF!) -> -47.563
A36: Sweden | B36: 1990 | C36: Europe | D36: 52.57904 | E36: 1.1139784 | F36: 0.18792021 | G36: 29.685656 | H36: 47.199334 | I36: 51.177362 | J36: 31.718375 | K36: 14.669 | L36: 18.044 | N36: 0.61599935 | O36: 0.16869286 | P36: 146.514 | Q36: 130.737 | R36: 4.878 | S36: 0.004095172 | T36: 0 | U36: 0.592 | V36: =IF(#REF!>#REF!,"Above Average","") | W36: =SUM(#REF!-#REF!) -> -4.286
A37: Taiwan | B37: 1990 | C37: Asia & Pacific | D37: 112.39576 | E37: 2.3611967 | F37: 0.6715072 | G37: 10.632471 | H37: 47.601187 | I37: 9.0804279 | J37: 21.513243 | K37: 24.734 | L37: 21.46 | M37: 1.2899989 | N37: 1.7239982 | O37: 0.28439275 | P37: 90.205 | Q37: 78.81 | R37: 17.364769 | S37: 0 | T37: 0.175 | U37: 0 | V37: =IF(#REF!>#REF!,"Above Average","") | W37: =SUM(#REF!-#REF!) -> -17.364769
A38: Thailand | B38: 1990 | C38: Asia & Pacific | D38: 80.922699 | E38: 1.9185734 | F38: 0.20736036 | G38: 26.810361 | H38: 42.178578 | I38: 11.264035 | J38: 11.385808 | K38: 17.207 | L38: 11.86 | M38: 6.3840065 | N38: 6.3869961 | O38: 0.10808049 | P38: 44.176 | Q38: 38.344 | R38: 12.78 | S38: 0.002263673 | T38: 2.751 | U38: 12.421 | V38: =IF(#REF!>#REF!,"Above Average","") | W38: =SUM(#REF!-#REF!) -> -0.359
A39: Turkey | B39: 1990 | C39: Europe | D39: 132.52911 | E39: 2.5761207 | F39: 0.19612622 | G39: 24.834297 | H39: 51.445225 | I39: 40.366335 | J39: 9.3000182 | K39: 22.432 | L39: 22.884 | M39: 0.21199993 | N39: 3.4679992 | O39: 0.076132388 | P39: 57.543 | Q39: 46.82 | R39: 54.451 | S39: 0.13902647 | T39: 3.712 | U39: 47.428 | V39: =IF(#REF!>#REF!,"Above Average","") | W39: =SUM(#REF!-#REF!) -> -7.023
A40: Ukraine | B40: 1990 | C40: Europe | D40: 690.21749 | E40: 2.7384662 | F40: 0.9437469 | G40: 135.79804 | H40: 252.04529 | I40: 3.5882678 | J40: 11.017458 | K40: 66.852 | L40: 61.648 | M40: 27.885991 | N40: 113.34304 | O40: 0.34462609 | P40: 298.835 | Q40: 229.737 | R40: 149.853 | S40: 0 | T40: 5.252 | U40: 159.213 | V40: =IF(#REF!>#REF!,"Above Average","") -> Above Average | W40: =SUM(#REF!-#REF!) -> 9.36
A41: United Arab Emirates | B41: 1990 | C41: Middle east | D41: 52.123659 | E41: 2.5565319 | F41: 0.25932364 | G41: 110.20267 | H41: 20.388425 | I41: 0 | J41: 7.6200285 | K41: 6.326 | L41: 10.316 | M41: 20.11 | N41: 16.91 | O41: 0.10143571 | P41: 17.08 | Q41: 14.347 | R41: 0 | S41: 0 | T41: 91.693 | V41: =IF(#REF!>#REF!,"Above Average","") | W41: =SUM(#REF!-#REF!) -> 0
A42: United Kingdom | B42: 1990 | C42: Europe | D42: 556.16238 | E42: 2.7002799 | F42: 0.33819176 | G42: 208.00914 | H42: 205.96472 | I42: 2.4373157 | J42: 16.756397 | K42: 73.429 | L42: 88.736 | M42: 49.671941 | N42: 58.311941 | O42: 0.12524323 | P42: 319.737 | Q42: 284.416 | R42: 106.681 | S42: 0.002814813 | T42: 91.602 | U42: 92.762 | V42: =IF(#REF!>#REF!,"Above Average","") -> Above Average | W42: =SUM(#REF!-#REF!) -> -13.919
A43: United States | B43: 1990 | C43: North America | D43: 4866.1916 | E43: 2.5478146 | F43: 0.49584284 | G43: 1647.3794 | H43: 1909.9473 | I43: 11.963167 | J43: 17.412043 | K43: 732.07022 | L43: 754.587 | M43: 506.60402 | N43: 534.03916 | O43: 0.19461496 | P43: 3218.621 | Q43: 2712.555 | R43: 819.284 | S43: 0.61343041 | T43: 413.344 | U43: 933.561 | V43: =IF(#REF!>#REF!,"Above Average","") -> Above Average | W43: =SUM(#REF!-#REF!) -> 114.277
A44: Uzbekistan | B44: 1990 | C44: Asia & Pacific | D44: 119.24413 | E44: 2.5160792 | F44: 1.632823 | G44: 38.655248 | H44: 47.392838 | I44: 11.802929 | J44: 10.267496 | K44: 10.956 | L44: 7.89 | M44: 40.728986 | N44: 40.091989 | O44: 0.64895533 | P44: 56.325 | Q44: 45.62 | R44: 8.94 | T44: 2.8 | U44: 6.4 | V44: =IF(#REF!>#REF!,"Above Average","") | W44: =SUM(#REF!-#REF!) -> -2.54
A45: Venezuela | B45: 1990 | C45: South/Latin America | D45: 93.590391 | E45: 2.3629933 | F45: 0.30540731 | G45: 144.84382 | H45: 39.606711 | I45: 62.343858 | J45: 14.881083 | K45: 17.714 | L45: 50.537 | M45: 17.556015 | N45: 16.772984 | O45: 0.12924595 | P45: 59.321 | Q45: 47.148 | R45: 0.646 | S45: 0 | T45: 115.187 | U45: 2.189 | V45: =IF(#REF!>#REF!,"Above Average","") | W45: =SUM(#REF!-#REF!) -> 1.543
D46: =AVERAGE(#REF!) -> 420.39206

Sheet QUESTION 8
A1: Row Labels | B1: Sum of Total energy production (Mtoe)
A2: Africa | B2: 11232.908
A3: Arab States | B3: 4305.54
A4: Asia & Pacific | B4: 98672.243
A5: Europe | B5: 70568.859
A6: Middle east | B6: 37309.039
A7: North America | B7: 67488.007
A8: South/Latin America | B8: 23907.312
A9: Grand Total | B9: 313483.91
